Hour,non_shiftable_load
0,487
1,646
2,636
3,625
4,622
5,608
6,619
7,652
8,665
9,683
10,708
11,711
12,914
13,1003
14,1017
15,1037
16,1027
17,1020
18,1058
19,1071
20,1054
21,1009
22,911
23,738
24,659
25,604
26,567
27,577
28,588
29,567
30,684
31,800
32,1168
33,1412
34,2028
35,2459
36,2514
37,2546
38,2573
39,2565
40,2583
41,2559
42,2445
43,2386
44,2288
45,2089
46,1216
47,731
48,659
49,594
50,605
51,553
52,563
53,536
54,622
55,757
56,1110
57,1258
58,1903
59,2360
60,2466
61,2404
62,2388
63,2446
64,2315
65,2267
66,2254
67,2215
68,2158
69,1993
70,1213
71,733
72,642
73,609
74,616
75,598
76,584
77,533
78,646
79,738
80,947
81,1251
82,1983
83,2439
84,2428
85,2419
86,2556
87,2508
88,2402
89,2336
90,2278
91,2189
92,2170
93,2038
94,1205
95,729
96,649
97,608
98,595
99,584
100,574
101,536
102,615
103,666
104,900
105,1192
106,1735
107,2133
108,2195
109,2277
110,2329
111,2391
112,2381
113,2330
114,2306
115,2274
116,2229
117,2071
118,1193
119,628
120,563
121,573
122,570
123,556
124,539
125,526
126,557
127,650
128,899
129,1164
130,1827
131,2291
132,2398
133,2380
134,2422
135,2469
136,2459
137,2442
138,2391
139,2302
140,2274
141,2100
142,1265
143,769
144,642
145,583
146,585
147,573
148,577
149,543
150,570
151,614
152,756
153,1189
154,1996
155,2484
156,2465
157,2486
158,2268
159,2215
160,2174
161,2132
162,2137
163,2137
164,2048
165,1896
166,1047
167,676
168,594
169,546
170,553
171,526
172,525
173,502
174,577
175,753
176,1014
177,1174
178,1783
179,2198
180,2230
181,2243
182,2291
183,2350
184,2220
185,2109
186,2069
187,2043
188,2000
189,1828
190,1141
191,693
192,619
193,591
194,591
195,570
196,546
197,546
198,615
199,763
200,968
201,1069
202,1659
203,2089
204,2171
205,2154
206,2191
207,2250
208,2256
209,2212
210,2215
211,2179
212,2154
213,1928
214,1136
215,694
216,622
217,512
218,471
219,464
220,453
221,428
222,464
223,825
224,1068
225,1233
226,1858
227,2339
228,2377
229,2391
230,2394
231,2347
232,2352
233,2312
234,2250
235,2202
236,2119
237,1838
238,1096
239,725
240,642
241,598
242,606
243,577
244,580
245,556
246,627
247,774
248,992
249,1134
250,1739
251,2151
252,2188
253,2215
254,2260
255,2313
256,2274
257,2260
258,2254
259,2232
260,2191
261,1972
262,1103
263,708
264,622
265,588
266,594
267,584
268,561
269,536
270,605
271,742
272,962
273,1078
274,1639
275,2002
276,2085
277,2104
278,2139
279,2209
280,2222
281,2195
282,2185
283,2157
284,2144
285,1972
286,1175
287,711
288,628
289,584
290,523
291,517
292,553
293,519
294,522
295,710
296,1003
297,1165
298,1829
299,2271
300,2336
301,2333
302,2353
303,2394
304,2419
305,2381
306,2302
307,2209
308,2160
309,1995
310,1201
311,748
312,632
313,608
314,605
315,573
316,570
317,549
318,567
319,619
320,728
321,1000
322,1903
323,2409
324,2442
325,2406
326,2411
327,2374
328,2353
329,2309
330,2295
331,2288
332,2226
333,1996
334,1168
335,721
336,632
337,598
338,609
339,605
340,587
341,562
342,663
343,725
344,970
345,1226
346,1879
347,2392
348,2411
349,2449
350,2442
351,2410
352,2349
353,2309
354,2268
355,2267
356,2195
357,1979
358,1192
359,741
360,670
361,604
362,608
363,616
364,581
365,567
366,649
367,807
368,1040
369,1112
370,1738
371,2229
372,2274
373,2302
374,2233
375,2099
376,2054
377,2034
378,2020
379,2040
380,2064
381,1854
382,1140
383,738
384,649
385,639
386,632
387,619
388,612
389,605
390,670
391,705
392,920
393,1103
394,1587
395,1889
396,1909
397,1889
398,1916
399,1968
400,2002
401,1971
402,1913
403,1913
404,1875
405,1718
406,1075
407,673
408,563
409,542
410,529
411,506
412,546
413,535
414,560
415,649
416,975
417,1137
418,1711
419,2132
420,2202
421,2202
422,2144
423,2164
424,2019
425,1937
426,1914
427,1926
428,1858
429,1742
430,1041
431,669
432,576
433,564
434,553
435,539
436,533
437,519
438,574
439,687
440,875
441,1071
442,1628
443,1962
444,2010
445,2007
446,2058
447,2099
448,2175
449,2164
450,2160
451,2109
452,2103
453,1947
454,1179
455,697
456,613
457,573
458,540
459,532
460,573
461,509
462,570
463,642
464,854
465,1016
466,1508
467,1886
468,2009
469,2065
470,2089
471,2096
472,2133
473,2120
474,2043
475,2010
476,1995
477,1921
478,1181
479,735
480,598
481,549
482,553
483,540
484,535
485,527
486,556
487,591
488,701
489,1006
490,1694
491,2051
492,2071
493,2147
494,2178
495,2122
496,2195
497,2185
498,2194
499,2079
500,1988
501,1812
502,1051
503,673
504,577
505,559
506,556
507,545
508,536
509,522
510,588
511,654
512,914
513,1127
514,1769
515,2195
516,2288
517,2249
518,2253
519,2257
520,2287
521,2249
522,2212
523,2182
524,2074
525,1826
526,1072
527,697
528,619
529,598
530,570
531,559
532,553
533,530
534,591
535,756
536,948
537,1064
538,1597
539,2051
540,2216
541,2185
542,2202
543,2023
544,2175
545,2261
546,2260
547,2225
548,2215
549,1958
550,1143
551,742
552,629
553,587
554,595
555,574
556,577
557,573
558,625
559,814
560,1014
561,1140
562,1752
563,2190
564,2281
565,2259
566,2288
567,2299
568,2343
569,2357
570,2323
571,2226
572,2157
573,1937
574,1165
575,762
576,651
577,622
578,602
579,591
580,578
581,553
582,599
583,753
584,982
585,1134
586,1787
587,2339
588,2346
589,2364
590,2319
591,2154
592,2096
593,2061
594,2050
595,2040
596,2004
597,1813
598,1082
599,718
600,635
601,570
602,553
603,622
604,608
605,577
606,612
607,749
608,976
609,1141
610,1766
611,2181
612,2218
613,2219
614,2295
615,2363
616,2370
617,2329
618,2235
619,2164
620,2126
621,2003
622,1188
623,734
624,652
625,619
626,615
627,580
628,573
629,608
630,635
631,739
632,993
633,1099
634,1858
635,2394
636,2364
637,2349
638,2346
639,2374
640,2363
641,2242
642,2184
643,2154
644,2129
645,2017
646,1185
647,705
648,639
649,605
650,619
651,598
652,591
653,578
654,608
655,656
656,759
657,1110
658,1873
659,2260
660,2246
661,2264
662,2353
663,2353
664,2377
665,2354
666,2347
667,2353
668,2313
669,2093
670,1175
671,683
672,646
673,628
674,590
675,623
676,604
677,595
678,687
679,728
680,975
681,1224
682,1855
683,2336
684,2412
685,2459
686,2487
687,2481
688,2466
689,2453
690,2446
691,2423
692,2353
693,2125
694,1218
695,739
696,649
697,608
698,547
699,604
700,601
701,536
702,621
703,691
704,931
705,1278
706,1989
707,2452
708,2442
709,2466
710,2531
711,2548
712,2590
713,2428
714,2367
715,2309
716,2260
717,2038
718,1154
719,753
720,673
721,619
722,615
723,608
724,592
725,580
726,670
727,752
728,976
729,1219
730,1731
731,2099
732,2113
733,2149
734,2202
735,2222
736,2225
737,2199
738,2192
739,2171
740,2129
741,1921
742,1120
743,708
744,619
745,598
746,594
747,588
748,577
749,543
750,621
751,698
752,959
753,1277
754,1876
755,2212
756,2246
757,2278
758,2294
759,2339
760,2341
761,2294
762,2320
763,2295
764,2273
765,2024
766,1157
767,731
768,626
769,612
770,605
771,612
772,594
773,584
774,670
775,715
776,952
777,1224
778,1958
779,2418
780,2459
781,2388
782,2177
783,2192
784,2209
785,2157
786,2127
787,2109
788,2092
789,2020
790,1261
791,680
792,577
793,543
794,615
795,597
796,594
797,559
798,591
799,636
800,895
801,1189
802,1718
803,2116
804,2143
805,2116
806,2099
807,2129
808,2139
809,2136
810,2089
811,2058
812,2030
813,1931
814,1182
815,725
816,624
817,625
818,614
819,608
820,594
821,577
822,598
823,663
824,794
825,1189
826,1784
827,2154
828,2264
829,2195
830,2181
831,2226
832,2288
833,2263
834,2271
835,2263
836,2181
837,1986
838,1158
839,725
840,662
841,623
842,625
843,587
844,615
845,571
846,615
847,766
848,961
849,1178
850,1779
851,2027
852,2103
853,2129
854,2149
855,2239
856,2274
857,2236
858,2206
859,2178
860,2150
861,1951
862,1162
863,769
864,684
865,665
866,638
867,598
868,632
869,574
870,687
871,835
872,985
873,1158
874,1738
875,2178
876,2242
877,2085
878,2089
879,2106
880,2116
881,2095
882,2092
883,2068
884,2044
885,1872
886,1090
887,700
888,605
889,574
890,577
891,522
892,550
893,533
894,580
895,676
896,909
897,1160
898,1855
899,2222
900,2281
901,2239
902,2288
903,2305
904,2329
905,2274
906,2191
907,2136
908,2072
909,1897
910,1133
911,714
912,629
913,598
914,598
915,584
916,581
917,560
918,663
919,876
920,1095
921,1295
922,1937
923,2391
924,2339
925,2401
926,2392
927,2404
928,2316
929,2295
930,2222
931,2194
932,2147
933,1982
934,1155
935,711
936,622
937,601
938,594
939,578
940,570
941,543
942,642
943,841
944,1064
945,1254
946,1903
947,2364
948,2452
949,2387
950,2329
951,2449
952,2433
953,2381
954,2308
955,2250
956,2186
957,2069
958,1267
959,701
960,642
961,611
962,612
963,615
964,580
965,580
966,608
967,677
968,1019
969,1233
970,1862
971,2305
972,2401
973,2416
974,2449
975,2524
976,2524
977,2479
978,2412
979,2360
980,2309
981,2123
982,1216
983,711
984,635
985,608
986,605
987,612
988,656
989,633
990,635
991,651
992,698
993,1089
994,1731
995,2105
996,2213
997,2217
998,2260
999,2181
1000,2151
1001,2130
1002,2102
1003,2075
1004,2034
1005,1821
1006,1045
1007,664
1008,605
1009,578
1010,581
1011,573
1012,560
1013,547
1014,611
1015,676
1016,813
1017,1151
1018,1714
1019,2154
1020,2243
1021,2264
1022,2295
1023,2342
1024,2322
1025,2336
1026,2302
1027,2219
1028,2143
1029,1913
1030,1140
1031,704
1032,598
1033,594
1034,581
1035,595
1036,567
1037,536
1038,635
1039,680
1040,897
1041,1210
1042,1714
1043,2092
1044,2150
1045,2205
1046,2249
1047,2320
1048,2319
1049,2239
1050,2285
1051,2209
1052,2162
1053,1954
1054,1137
1055,721
1056,663
1057,611
1058,640
1059,652
1060,645
1061,595
1062,638
1063,765
1064,959
1065,1113
1066,1676
1067,1989
1068,2074
1069,2092
1070,2157
1071,2074
1072,2261
1073,2260
1074,2212
1075,2164
1076,2105
1077,1914
1078,1223
1079,732
1080,611
1081,635
1082,653
1083,612
1084,585
1085,542
1086,595
1087,679
1088,875
1089,1089
1090,1556
1091,1928
1092,2010
1093,2047
1094,2058
1095,2085
1096,1872
1097,1604
1098,2013
1099,2034
1100,1992
1101,1796
1102,1109
1103,733
1104,649
1105,635
1106,629
1107,615
1108,601
1109,597
1110,656
1111,715
1112,917
1113,1267
1114,1771
1115,2144
1116,2074
1117,2010
1118,2024
1119,2057
1120,2027
1121,1975
1122,1986
1123,1941
1124,1920
1125,1831
1126,1202
1127,739
1128,641
1129,621
1130,615
1131,595
1132,570
1133,563
1134,597
1135,659
1136,882
1137,1208
1138,1742
1139,2177
1140,2184
1141,2157
1142,2260
1143,2350
1144,2356
1145,2357
1146,2291
1147,2229
1148,2130
1149,1934
1150,1157
1151,694
1152,601
1153,584
1154,580
1155,580
1156,574
1157,553
1158,592
1159,653
1160,727
1161,1188
1162,1755
1163,2091
1164,2093
1165,2140
1166,2201
1167,2219
1168,2195
1169,2191
1170,2202
1171,2191
1172,2130
1173,1913
1174,1147
1175,707
1176,649
1177,608
1178,612
1179,615
1180,591
1181,567
1182,639
1183,667
1184,886
1185,1133
1186,1745
1187,2064
1188,2092
1189,2157
1190,2212
1191,2354
1192,2395
1193,2284
1194,2225
1195,2209
1196,2157
1197,1973
1198,1164
1199,769
1200,655
1201,634
1202,646
1203,618
1204,598
1205,602
1206,656
1207,862
1208,1083
1209,1368
1210,1923
1211,2388
1212,2431
1213,2446
1214,2394
1215,2456
1216,2412
1217,2357
1218,2367
1219,2357
1220,2270
1221,2017
1222,1140
1223,719
1224,602
1225,587
1226,555
1227,545
1228,537
1229,520
1230,588
1231,783
1232,1026
1233,1207
1234,1783
1235,2205
1236,2305
1237,2319
1238,2342
1239,2329
1240,2377
1241,2443
1242,2440
1243,2415
1244,2330
1245,2112
1246,1219
1247,787
1248,684
1249,639
1250,638
1251,650
1252,629
1253,611
1254,691
1255,928
1256,1133
1257,1350
1258,1982
1259,2432
1260,2491
1261,2511
1262,2542
1263,2562
1264,2587
1265,2593
1266,2559
1267,2521
1268,2490
1269,2250
1270,1285
1271,773
1272,704
1273,694
1274,672
1275,665
1276,605
1277,566
1278,748
1279,999
1280,1260
1281,1426
1282,2006
1283,2603
1284,2673
1285,2652
1286,2641
1287,2618
1288,2652
1289,2659
1290,2618
1291,2590
1292,2566
1293,2466
1294,1447
1295,850
1296,769
1297,704
1298,684
1299,662
1300,646
1301,632
1302,670
1303,834
1304,1027
1305,1202
1306,1766
1307,2195
1308,2158
1309,2119
1310,2116
1311,2150
1312,2157
1313,2143
1314,2096
1315,2119
1316,2100
1317,1976
1318,1220
1319,739
1320,635
1321,605
1322,594
1323,567
1324,567
1325,543
1326,581
1327,632
1328,727
1329,1148
1330,1835
1331,2215
1332,2257
1333,2267
1334,2247
1335,2202
1336,2168
1337,2140
1338,2153
1339,2140
1340,2112
1341,1928
1342,1103
1343,687
1344,599
1345,543
1346,539
1347,533
1348,523
1349,498
1350,580
1351,725
1352,958
1353,1174
1354,1718
1355,2223
1356,2295
1357,2277
1358,2295
1359,2313
1360,2326
1361,2295
1362,2284
1363,2292
1364,2257
1365,2058
1366,1182
1367,704
1368,609
1369,616
1370,598
1371,570
1372,540
1373,509
1374,581
1375,652
1376,873
1377,1096
1378,1622
1379,2000
1380,2010
1381,2027
1382,2051
1383,2106
1384,2102
1385,2099
1386,2120
1387,2082
1388,2035
1389,1864
1390,1103
1391,688
1392,601
1393,564
1394,562
1395,556
1396,506
1397,498
1398,578
1399,660
1400,938
1401,1282
1402,1817
1403,2178
1404,2199
1405,2216
1406,2185
1407,2178
1408,2130
1409,2091
1410,2093
1411,2075
1412,2044
1413,1886
1414,1134
1415,690
1416,598
1417,584
1418,566
1419,556
1420,536
1421,506
1422,582
1423,659
1424,899
1425,1264
1426,1766
1427,2271
1428,2243
1429,2185
1430,2160
1431,2205
1432,2130
1433,2140
1434,2105
1435,2055
1436,2014
1437,1910
1438,1255
1439,715
1440,633
1441,601
1442,598
1443,591
1444,563
1445,549
1446,624
1447,714
1448,862
1449,1217
1450,1614
1451,1934
1452,1958
1453,1996
1454,1993
1455,1958
1456,1944
1457,1902
1458,1927
1459,1948
1460,1947
1461,1910
1462,1632
1463,920
1464,652
1465,598
1466,584
1467,580
1468,566
1469,543
1470,567
1471,591
1472,836
1473,1113
1474,1594
1475,1993
1476,2023
1477,2011
1478,2004
1479,2033
1480,2061
1481,2058
1482,2010
1483,2017
1484,1982
1485,1934
1486,1714
1487,997
1488,622
1489,576
1490,573
1491,566
1492,557
1493,536
1494,567
1495,605
1496,718
1497,1116
1498,1601
1499,2020
1500,2072
1501,2085
1502,2105
1503,2071
1504,2078
1505,2062
1506,2072
1507,2065
1508,2068
1509,2016
1510,1759
1511,983
1512,530
1513,463
1514,440
1515,449
1516,439
1517,422
1518,512
1519,697
1520,910
1521,1144
1522,1619
1523,2062
1524,2112
1525,2172
1526,2209
1527,2267
1528,2256
1529,2202
1530,2153
1531,2100
1532,2044
1533,1893
1534,1151
1535,652
1536,543
1537,520
1538,502
1539,502
1540,488
1541,460
1542,574
1543,914
1544,1209
1545,1347
1546,1835
1547,2164
1548,2199
1549,2174
1550,2201
1551,2229
1552,2099
1553,2043
1554,2040
1555,2050
1556,2026
1557,1892
1558,1219
1559,642
1560,542
1561,516
1562,516
1563,513
1564,491
1565,467
1566,556
1567,797
1568,1144
1569,1263
1570,1724
1571,1990
1572,2033
1573,2054
1574,1876
1575,1852
1576,1862
1577,1865
1578,1893
1579,1890
1580,1873
1581,1769
1582,1071
1583,573
1584,488
1585,456
1586,460
1587,464
1588,453
1589,425
1590,488
1591,642
1592,971
1593,1134
1594,1581
1595,1941
1596,1989
1597,1969
1598,2024
1599,2086
1600,2089
1601,2122
1602,2116
1603,2113
1604,2061
1605,1869
1606,1137
1607,597
1608,530
1609,499
1610,520
1611,515
1612,478
1613,442
1614,525
1615,738
1616,1023
1617,1140
1618,1639
1619,2047
1620,2044
1621,2048
1622,2068
1623,2127
1624,2140
1625,2146
1626,2088
1627,2048
1628,2007
1629,1882
1630,1182
1631,553
1632,481
1633,453
1634,450
1635,460
1636,432
1637,405
1638,127
1639,0
1640,0
1641,0
1642,0
1643,0
1644,0
1645,0
1646,0
1647,0
1648,62
1649,2113
1650,2226
1651,2095
1652,2024
1653,1831
1654,1182
1655,584
1656,471
1657,436
1658,440
1659,443
1660,432
1661,406
1662,478
1663,636
1664,773
1665,1096
1666,1481
1667,1783
1668,1817
1669,1831
1670,1892
1671,1899
1672,1892
1673,1896
1674,1913
1675,1906
1676,1896
1677,1721
1678,962
1679,536
1680,464
1681,435
1682,440
1683,439
1684,435
1685,409
1686,463
1687,707
1688,994
1689,1137
1690,1696
1691,2093
1692,2126
1693,2150
1694,2182
1695,2144
1696,2043
1697,2000
1698,1993
1699,1986
1700,1937
1701,1789
1702,1048
1703,548
1704,481
1705,468
1706,467
1707,457
1708,446
1709,422
1710,495
1711,581
1712,952
1713,1161
1714,1693
1715,2156
1716,2129
1717,2116
1718,2123
1719,2133
1720,2137
1721,2119
1722,2102
1723,2075
1724,2044
1725,1848
1726,1079
1727,560
1728,482
1729,453
1730,447
1731,446
1732,439
1733,412
1734,495
1735,646
1736,1006
1737,1298
1738,1827
1739,2260
1740,2281
1741,2370
1742,2384
1743,2418
1744,2381
1745,2356
1746,2323
1747,2281
1748,2201
1749,1996
1750,1127
1751,612
1752,550
1753,492
1754,495
1755,482
1756,474
1757,443
1758,543
1759,808
1760,1027
1761,1315
1762,1789
1763,2215
1764,2222
1765,2201
1766,2222
1767,2247
1768,2225
1769,2150
1770,2140
1771,2147
1772,2100
1773,1875
1774,1049
1775,540
1776,474
1777,467
1778,468
1779,464
1780,457
1781,425
1782,505
1783,793
1784,1075
1785,1255
1786,1831
1787,2163
1788,2199
1789,2074
1790,1969
1791,1965
1792,1941
1793,1903
1794,1940
1795,1926
1796,1903
1797,1817
1798,1154
1799,645
1800,501
1801,492
1802,470
1803,457
1804,446
1805,412
1806,457
1807,677
1808,924
1809,1168
1810,1741
1811,2171
1812,2157
1813,2147
1814,2189
1815,2295
1816,2299
1817,2302
1818,2223
1819,2215
1820,2167
1821,2041
1822,1144
1823,564
1824,491
1825,464
1826,468
1827,453
1828,446
1829,422
1830,467
1831,580
1832,783
1833,1158
1834,1724
1835,2291
1836,2357
1837,2388
1838,2422
1839,2363
1840,2319
1841,2267
1842,2261
1843,2225
1844,2204
1845,1986
1846,1124
1847,622
1848,539
1849,481
1850,453
1851,421
1852,415
1853,395
1854,482
1855,688
1856,1099
1857,1278
1858,1683
1859,2230
1860,2295
1861,2198
1862,2202
1863,2192
1864,2161
1865,2147
1866,2132
1867,2132
1868,2089
1869,1890
1870,1078
1871,556
1872,485
1873,453
1874,457
1875,460
1876,450
1877,419
1878,525
1879,728
1880,1013
1881,1186
1882,1745
1883,2229
1884,2216
1885,2215
1886,2271
1887,2171
1888,2099
1889,2075
1890,2093
1891,2061
1892,2034
1893,1862
1894,1045
1895,560
1896,449
1897,438
1898,446
1899,435
1900,436
1901,419
1902,508
1903,672
1904,893
1905,1110
1906,1553
1907,1951
1908,1968
1909,1989
1910,2041
1911,2113
1912,2106
1913,1968
1914,2096
1915,2123
1916,2082
1917,1896
1918,1034
1919,570
1920,515
1921,485
1922,481
1923,477
1924,467
1925,450
1926,512
1927,763
1928,1096
1929,1274
1930,1765
1931,2267
1932,2274
1933,2206
1934,2218
1935,2271
1936,2285
1937,2256
1938,2216
1939,2196
1940,2140
1941,1941
1942,1119
1943,587
1944,498
1945,449
1946,443
1947,432
1948,432
1949,409
1950,454
1951,835
1952,1093
1953,1233
1954,1954
1955,2253
1956,2412
1957,2384
1958,2398
1959,2387
1960,2254
1961,1639
1962,1986
1963,1996
1964,1948
1965,1848
1966,1065
1967,553
1968,488
1969,443
1970,453
1971,478
1972,471
1973,453
1974,491
1975,698
1976,1105
1977,1205
1978,1705
1979,2098
1980,2198
1981,2236
1982,2212
1983,2219
1984,2218
1985,2226
1986,2157
1987,2126
1988,2050
1989,1803
1990,1147
1991,628
1992,573
1993,536
1994,533
1995,520
1996,509
1997,484
1998,481
1999,499
2000,612
2001,1054
2002,1621
2003,2095
2004,2172
2005,2181
2006,2189
2007,2147
2008,2109
2009,2129
2010,2153
2011,2123
2012,2085
2013,1882
2014,1099
2015,659
2016,577
2017,543
2018,499
2019,467
2020,450
2021,415
2022,477
2023,581
2024,834
2025,1161
2026,1748
2027,2281
2028,2388
2029,2339
2030,2336
2031,2459
2032,2445
2033,2425
2034,2381
2035,2330
2036,2274
2037,2092
2038,1130
2039,550
2040,485
2041,471
2042,474
2043,477
2044,471
2045,435
2046,524
2047,687
2048,1089
2049,1271
2050,1760
2051,2319
2052,2363
2053,2353
2054,2219
2055,2223
2056,2198
2057,2188
2058,2175
2059,2186
2060,2126
2061,1954
2062,1017
2063,567
2064,506
2065,478
2066,468
2067,463
2068,457
2069,439
2070,526
2071,588
2072,944
2073,1137
2074,1577
2075,2147
2076,2267
2077,2260
2078,2305
2079,2342
2080,2287
2081,2253
2082,2208
2083,2171
2084,2146
2085,1978
2086,1099
2087,573
2088,502
2089,481
2090,464
2091,452
2092,446
2093,415
2094,443
2095,499
2096,916
2097,1339
2098,1863
2099,2449
2100,2604
2101,2639
2102,2636
2103,2597
2104,2521
2105,2463
2106,2366
2107,2330
2108,2302
2109,2095
2110,1188
2111,619
2112,529
2113,495
2114,480
2115,492
2116,485
2117,460
2118,488
2119,622
2120,886
2121,1247
2122,1833
2123,2426
2124,2432
2125,2428
2126,2442
2127,2504
2128,2392
2129,2273
2130,2150
2131,2082
2132,2072
2133,1951
2134,1054
2135,526
2136,453
2137,428
2138,428
2139,429
2140,425
2141,403
2142,447
2143,698
2144,1054
2145,1216
2146,1773
2147,2321
2148,2356
2149,2363
2150,2377
2151,2337
2152,2256
2153,2239
2154,2143
2155,2122
2156,2086
2157,2003
2158,1147
2159,540
2160,467
2161,442
2162,449
2163,439
2164,418
2165,412
2166,475
2167,584
2168,752
2169,1206
2170,1636
2171,2185
2172,2271
2173,2329
2174,2326
2175,2226
2176,2206
2177,2168
2178,2147
2179,2115
2180,2097
2181,1906
2182,1051
2183,557
2184,478
2185,453
2186,449
2187,446
2188,432
2189,399
2190,491
2191,632
2192,963
2193,1230
2194,1711
2195,2260
2196,2346
2197,2340
2198,2353
2199,2377
2200,2390
2201,2380
2202,2309
2203,2274
2204,2249
2205,2061
2206,1090
2207,557
2208,505
2209,488
2210,492
2211,495
2212,477
2213,452
2214,550
2215,739
2216,1089
2217,1257
2218,1701
2219,2254
2220,2316
2221,2298
2222,2309
2223,2342
2224,2353
2225,2320
2226,2216
2227,2215
2228,2123
2229,1896
2230,1096
2231,570
2232,501
2233,477
2234,464
2235,452
2236,453
2237,422
2238,505
2239,595
2240,927
2241,1034
2242,1463
2243,1996
2244,2027
2245,2020
2246,2021
2247,2076
2248,2147
2249,2158
2250,2134
2251,2115
2252,2099
2253,1935
2254,1062
2255,574
2256,495
2257,470
2258,484
2259,471
2260,460
2261,436
2262,521
2263,708
2264,995
2265,1243
2266,1790
2267,2356
2268,2381
2269,2357
2270,2349
2271,2343
2272,2339
2273,2263
2274,2253
2275,2211
2276,2175
2277,1965
2278,1113
2279,567
2280,502
2281,471
2282,482
2283,492
2284,473
2285,436
2286,549
2287,779
2288,965
2289,1199
2290,1738
2291,2281
2292,2281
2293,2277
2294,2274
2295,2253
2296,2202
2297,2199
2298,2202
2299,2175
2300,2158
2301,2065
2302,1209
2303,560
2304,515
2305,488
2306,484
2307,478
2308,460
2309,432
2310,467
2311,642
2312,992
2313,1155
2314,1581
2315,2068
2316,2157
2317,2129
2318,2168
2319,2233
2320,2215
2321,2175
2322,2112
2323,2116
2324,2103
2325,1916
2326,1096
2327,588
2328,516
2329,488
2330,481
2331,480
2332,481
2333,452
2334,491
2335,546
2336,743
2337,1074
2338,1621
2339,2188
2340,2260
2341,2208
2342,2143
2343,2120
2344,2089
2345,2089
2346,2139
2347,2137
2348,2075
2349,1858
2350,971
2351,546
2352,489
2353,450
2354,428
2355,428
2356,428
2357,409
2358,457
2359,680
2360,882
2361,1193
2362,1735
2363,2343
2364,2408
2365,2278
2366,2260
2367,2337
2368,2250
2369,2178
2370,2058
2371,2048
2372,1958
2373,1810
2374,978
2375,541
2376,470
2377,443
2378,443
2379,439
2380,436
2381,412
2382,511
2383,691
2384,1013
2385,1282
2386,1742
2387,2254
2388,2347
2389,2344
2390,2364
2391,2422
2392,2419
2393,2387
2394,2288
2395,2247
2396,2188
2397,1972
2398,1116
2399,616
2400,523
2401,498
2402,474
2403,470
2404,478
2405,452
2406,536
2407,776
2408,1184
2409,1371
2410,1829
2411,2398
2412,2418
2413,2419
2414,2460
2415,2360
2416,2185
2417,2099
2418,2075
2419,1996
2420,2009
2421,1772
2422,1025
2423,563
2424,499
2425,484
2426,474
2427,464
2428,449
2429,425
2430,485
2431,670
2432,1037
2433,1227
2434,1731
2435,2154
2436,2181
2437,2154
2438,2144
2439,2150
2440,2150
2441,2129
2442,2122
2443,2116
2444,2067
2445,1896
2446,1044
2447,543
2448,471
2449,439
2450,446
2451,439
2452,412
2453,388
2454,460
2455,632
2456,938
2457,1261
2458,1787
2459,2185
2460,2229
2461,2342
2462,2381
2463,2398
2464,2384
2465,2367
2466,2340
2467,2304
2468,2259
2469,2079
2470,1155
2471,573
2472,513
2473,471
2474,460
2475,471
2476,468
2477,440
2478,484
2479,817
2480,1034
2481,1233
2482,1896
2483,2382
2484,2439
2485,2483
2486,2494
2487,2495
2488,2483
2489,2452
2490,2370
2491,2333
2492,2264
2493,2072
2494,1171
2495,530
2496,446
2497,412
2498,403
2499,399
2500,406
2501,382
2502,419
2503,499
2504,748
2505,1131
2506,1693
2507,2296
2508,2357
2509,2360
2510,2380
2511,2388
2512,2184
2513,2316
2514,2319
2515,2275
2516,2208
2517,1993
2518,958
2519,502
2520,433
2521,403
2522,400
2523,403
2524,399
2525,371
2526,457
2527,636
2528,889
2529,1295
2530,1942
2531,2508
2532,2558
2533,2579
2534,2464
2535,2383
2536,2316
2537,2254
2538,2191
2539,2175
2540,2158
2541,2007
2542,1051
2543,508
2544,428
2545,400
2546,403
2547,403
2548,402
2549,378
2550,470
2551,773
2552,985
2553,1281
2554,1789
2555,2270
2556,2284
2557,2267
2558,2309
2559,2329
2560,2288
2561,2305
2562,2312
2563,2270
2564,2212
2565,2009
2566,1157
2567,604
2568,491
2569,456
2570,446
2571,424
2572,421
2573,409
2574,484
2575,645
2576,931
2577,1220
2578,1642
2579,2165
2580,2181
2581,2161
2582,2208
2583,2323
2584,2240
2585,2166
2586,2150
2587,2126
2588,2062
2589,1800
2590,951
2591,522
2592,463
2593,432
2594,418
2595,406
2596,389
2597,382
2598,443
2599,669
2600,925
2601,1206
2602,1636
2603,2175
2604,2209
2605,2209
2606,2281
2607,2296
2608,2223
2609,2192
2610,2208
2611,2192
2612,2144
2613,1954
2614,1069
2615,520
2616,425
2617,412
2618,406
2619,400
2620,392
2621,387
2622,439
2623,673
2624,869
2625,955
2626,1440
2627,2106
2628,2140
2629,2188
2630,2226
2631,2270
2632,2273
2633,2209
2634,2154
2635,1968
2636,1968
2637,1848
2638,1082
2639,605
2640,527
2641,461
2642,402
2643,396
2644,396
2645,378
2646,396
2647,707
2648,921
2649,1078
2650,1611
2651,2122
2652,2181
2653,2072
2654,2033
2655,2054
2656,2020
2657,2030
2658,2051
2659,1996
2660,1978
2661,1875
2662,1164
2663,556
2664,419
2665,398
2666,392
2667,396
2668,388
2669,357
2670,382
2671,422
2672,527
2673,852
2674,1467
2675,2095
2676,2222
2677,2196
2678,2212
2679,2229
2680,2253
2681,2257
2682,2225
2683,2189
2684,2171
2685,1975
2686,1009
2687,543
2688,467
2689,443
2690,415
2691,409
2692,406
2693,375
2694,415
2695,553
2696,736
2697,1116
2698,1721
2699,2298
2700,2295
2701,2295
2702,2380
2703,2373
2704,2354
2705,2346
2706,2274
2707,2215
2708,2122
2709,1913
2710,1045
2711,539
2712,467
2713,429
2714,428
2715,425
2716,412
2717,392
2718,429
2719,630
2720,808
2721,983
2722,1415
2723,2078
2724,2064
2725,2030
2726,2044
2727,2017
2728,2027
2729,2017
2730,2014
2731,2050
2732,2005
2733,1821
2734,1055
2735,541
2736,450
2737,415
2738,436
2739,439
2740,418
2741,409
2742,454
2743,626
2744,925
2745,1102
2746,1625
2747,2119
2748,2157
2749,2147
2750,2203
2751,2239
2752,2250
2753,2216
2754,2198
2755,2142
2756,2082
2757,1882
2758,1073
2759,584
2760,505
2761,474
2762,449
2763,429
2764,409
2765,402
2766,447
2767,635
2768,838
2769,1110
2770,1597
2771,2202
2772,2291
2773,2270
2774,2330
2775,2339
2776,2292
2777,2243
2778,2219
2779,2157
2780,2062
2781,1896
2782,1089
2783,549
2784,485
2785,419
2786,412
2787,415
2788,405
2789,406
2790,443
2791,632
2792,837
2793,989
2794,1563
2795,2257
2796,2256
2797,2242
2798,2243
2799,2260
2800,2270
2801,2199
2802,2192
2803,2174
2804,2168
2805,1989
2806,1167
2807,498
2808,436
2809,412
2810,412
2811,421
2812,418
2813,385
2814,416
2815,712
2816,928
2817,1200
2818,1663
2819,2222
2820,2260
2821,2267
2822,2313
2823,2281
2824,2325
2825,2316
2826,2242
2827,2202
2828,2202
2829,2030
2830,1186
2831,601
2832,496
2833,456
2834,449
2835,446
2836,445
2837,435
2838,481
2839,605
2840,728
2841,1071
2842,1508
2843,2040
2844,2061
2845,2057
2846,2192
2847,2133
2848,2154
2849,2157
2850,2150
2851,2106
2852,2074
2853,1914
2854,1089
2855,526
2856,446
2857,418
2858,392
2859,399
2860,389
2861,375
2862,433
2863,670
2864,1026
2865,1237
2866,1767
2867,2312
2868,2319
2869,2343
2870,2353
2871,2343
2872,2347
2873,2342
2874,2319
2875,2288
2876,2202
2877,1996
2878,1140
2879,522
2880,426
2881,412
2882,400
2883,396
2884,392
2885,384
2886,447
2887,721
2888,1020
2889,1202
2890,1727
2891,2319
2892,2323
2893,2326
2894,2302
2895,2222
2896,2209
2897,2250
2898,2228
2899,2203
2900,2178
2901,2036
2902,1155
2903,536
2904,463
2905,435
2906,421
2907,428
2908,422
2909,406
2910,446
2911,509
2912,643
2913,1055
2914,1731
2915,2309
2916,2323
2917,2319
2918,2377
2919,2380
2920,2367
2921,2342
2922,2332
2923,2256
2924,2206
2925,2031
2926,1157
2927,512
2928,442
2929,398
2930,392
2931,385
2932,389
2933,371
2934,415
2935,625
2936,821
2937,1028
2938,1562
2939,2139
2940,2312
2941,2346
2942,2367
2943,2388
2944,2380
2945,2371
2946,2346
2947,2335
2948,2234
2949,2057
2950,1174
2951,520
2952,439
2953,415
2954,412
2955,409
2956,402
2957,395
2958,447
2959,659
2960,948
2961,1291
2962,1759
2963,2343
2964,2409
2965,2405
2966,2466
2967,2466
2968,2459
2969,2385
2970,2377
2971,2353
2972,2319
2973,2174
2974,1257
2975,526
2976,442
2977,432
2978,409
2979,400
2980,389
2981,382
2982,414
2983,611
2984,954
2985,1195
2986,2020
2987,2332
2988,2302
2989,2340
2990,2347
2991,2425
2992,2394
2993,2319
2994,2221
2995,2133
2996,2105
2997,1913
2998,1103
2999,577
3000,428
3001,392
3002,389
3003,392
3004,402
3005,379
3006,409
3007,442
3008,542
3009,1031
3010,1855
3011,2257
3012,2295
3013,2317
3014,2336
3015,2295
3016,2202
3017,2194
3018,2231
3019,2223
3020,2170
3021,1972
3022,1109
3023,505
3024,425
3025,400
3026,403
3027,399
3028,382
3029,357
3030,421
3031,604
3032,872
3033,1065
3034,1632
3035,2306
3036,2305
3037,2271
3038,2212
3039,2205
3040,2201
3041,2146
3042,2143
3043,2150
3044,2017
3045,1876
3046,1058
3047,525
3048,439
3049,419
3050,402
3051,402
3052,400
3053,375
3054,419
3055,600
3056,962
3057,1181
3058,1696
3059,2246
3060,2195
3061,2252
3062,2299
3063,2309
3064,2319
3065,2298
3066,2326
3067,2343
3068,2261
3069,2079
3070,1133
3071,501
3072,440
3073,400
3074,392
3075,392
3076,389
3077,364
3078,425
3079,615
3080,935
3081,1168
3082,1786
3083,2363
3084,2346
3085,2323
3086,2367
3087,2398
3088,2402
3089,2377
3090,2342
3091,2305
3092,2274
3093,2051
3094,1085
3095,536
3096,464
3097,436
3098,450
3099,492
3100,471
3101,439
3102,456
3103,576
3104,742
3105,921
3106,1477
3107,1992
3108,2130
3109,2093
3110,2147
3111,2205
3112,2212
3113,2184
3114,2157
3115,2136
3116,2051
3117,1889
3118,1020
3119,467
3120,403
3121,393
3122,389
3123,400
3124,386
3125,360
3126,411
3127,656
3128,948
3129,1206
3130,1866
3131,2322
3132,2363
3133,2384
3134,2363
3135,2366
3136,2336
3137,2303
3138,2220
3139,2188
3140,2154
3141,2078
3142,1666
3143,780
3144,463
3145,428
3146,415
3147,403
3148,391
3149,368
3150,408
3151,611
3152,827
3153,1106
3154,1899
3155,2282
3156,2264
3157,2305
3158,2456
3159,2476
3160,2476
3161,2398
3162,2277
3163,2188
3164,2126
3165,2065
3166,1786
3167,810
3168,460
3169,443
3170,436
3171,428
3172,422
3173,409
3174,430
3175,481
3176,595
3177,969
3178,2060
3179,2409
3180,2426
3181,2463
3182,2498
3183,2462
3184,2432
3185,2415
3186,2359
3187,2320
3188,2243
3189,2119
3190,1219
3191,567
3192,481
3193,435
3194,425
3195,429
3196,432
3197,415
3198,488
3199,676
3200,910
3201,1189
3202,1944
3203,2360
3204,2418
3205,2360
3206,2419
3207,2419
3208,2405
3209,2360
3210,2288
3211,2209
3212,2147
3213,2058
3214,1213
3215,542
3216,442
3217,418
3218,432
3219,432
3220,421
3221,425
3222,515
3223,701
3224,846
3225,975
3226,1663
3227,2126
3228,2137
3229,2229
3230,2289
3231,2319
3232,2323
3233,2299
3234,2253
3235,2243
3236,2158
3237,2016
3238,1136
3239,523
3240,453
3241,418
3242,412
3243,406
3244,412
3245,395
3246,405
3247,632
3248,851
3249,1037
3250,1583
3251,1948
3252,1976
3253,2000
3254,2058
3255,1955
3256,1947
3257,1982
3258,1972
3259,1951
3260,1879
3261,1715
3262,965
3263,536
3264,467
3265,463
3266,488
3267,470
3268,435
3269,418
3270,456
3271,577
3272,739
3273,947
3274,1470
3275,1906
3276,1892
3277,1913
3278,1934
3279,1972
3280,1993
3281,1975
3282,1951
3283,1938
3284,1886
3285,1721
3286,1013
3287,519
3288,481
3289,442
3290,443
3291,432
3292,428
3293,395
3294,405
3295,583
3296,804
3297,969
3298,1470
3299,2052
3300,2065
3301,2092
3302,2154
3303,2143
3304,2136
3305,2109
3306,2062
3307,2083
3308,2086
3309,1958
3310,1158
3311,621
3312,550
3313,509
3314,502
3315,436
3316,409
3317,385
3318,408
3319,560
3320,869
3321,1141
3322,1631
3323,2126
3324,2218
3325,2216
3326,2260
3327,2228
3328,2270
3329,2235
3330,2160
3331,2086
3332,2093
3333,2006
3334,1178
3335,570
3336,522
3337,445
3338,418
3339,436
3340,425
3341,392
3342,421
3343,463
3344,563
3345,1007
3346,1760
3347,2263
3348,2267
3349,2302
3350,2342
3351,2257
3352,2246
3353,2250
3354,2201
3355,2178
3356,2136
3357,1920
3358,1096
3359,536
3360,449
3361,418
3362,415
3363,422
3364,471
3365,453
3366,445
3367,594
3368,780
3369,954
3370,1518
3371,2109
3372,2058
3373,2058
3374,2078
3375,2095
3376,2078
3377,1865
3378,1865
3379,1865
3380,1916
3381,1851
3382,1065
3383,546
3384,443
3385,415
3386,406
3387,406
3388,405
3389,378
3390,418
3391,597
3392,811
3393,1044
3394,1667
3395,2174
3396,2136
3397,2108
3398,2143
3399,2158
3400,2021
3401,1959
3402,2015
3403,2020
3404,1941
3405,1806
3406,1024
3407,502
3408,435
3409,400
3410,403
3411,403
3412,392
3413,375
3414,402
3415,545
3416,735
3417,915
3418,1399
3419,1937
3420,1912
3421,1910
3422,1965
3423,2017
3424,2247
3425,2245
3426,2192
3427,2136
3428,2068
3429,1906
3430,1154
3431,571
3432,509
3433,484
3434,484
3435,439
3436,418
3437,395
3438,426
3439,625
3440,855
3441,1051
3442,1556
3443,2099
3444,2123
3445,2102
3446,2163
3447,2417
3448,2325
3449,2235
3450,2194
3451,2147
3452,2102
3453,1914
3454,1068
3455,530
3456,477
3457,436
3458,436
3459,428
3460,415
3461,396
3462,435
3463,594
3464,821
3465,1041
3466,1560
3467,2075
3468,2120
3469,2267
3470,2260
3471,2219
3472,2143
3473,2112
3474,2133
3475,2133
3476,2129
3477,2047
3478,1196
3479,554
3480,488
3481,443
3482,428
3483,421
3484,418
3485,395
3486,396
3487,601
3488,819
3489,1006
3490,1583
3491,2130
3492,2161
3493,2139
3494,2188
3495,2511
3496,2449
3497,2388
3498,2329
3499,2285
3500,2281
3501,2123
3502,1212
3503,566
3504,484
3505,428
3506,421
3507,418
3508,415
3509,415
3510,406
3511,415
3512,529
3513,848
3514,1444
3515,2044
3516,2050
3517,2061
3518,2089
3519,2061
3520,2071
3521,2046
3522,2072
3523,2047
3524,2019
3525,1845
3526,1044
3527,546
3528,474
3529,428
3530,412
3531,406
3532,399
3533,389
3534,443
3535,601
3536,763
3537,911
3538,1481
3539,1886
3540,1903
3541,1972
3542,2023
3543,2020
3544,2020
3545,1992
3546,1961
3547,1920
3548,1902
3549,1742
3550,1023
3551,561
3552,470
3553,435
3554,439
3555,421
3556,421
3557,388
3558,464
3559,604
3560,776
3561,1048
3562,1525
3563,1935
3564,1927
3565,1903
3566,1890
3567,1869
3568,1883
3569,1855
3570,1848
3571,1834
3572,1773
3573,1663
3574,1000
3575,656
3576,584
3577,556
3578,548
3579,546
3580,527
3581,505
3582,530
3583,639
3584,735
3585,882
3586,1246
3587,1718
3588,1720
3589,1700
3590,1711
3591,1687
3592,1677
3593,1663
3594,1688
3595,1696
3596,1659
3597,1528
3598,917
3599,512
3600,467
3601,428
3602,401
3603,367
3604,357
3605,335
3606,385
3607,539
3608,710
3609,835
3610,1147
3611,1423
3612,1491
3613,1490
3614,1518
3615,1512
3616,1507
3617,1498
3618,1532
3619,1567
3620,1552
3621,1456
3622,862
3623,477
3624,419
3625,386
3626,374
3627,378
3628,361
3629,347
3630,375
3631,497
3632,683
3633,789
3634,1106
3635,1663
3636,1735
3637,1731
3638,1748
3639,1762
3640,1763
3641,1759
3642,1763
3643,1749
3644,1724
3645,1635
3646,1027
3647,509
3648,436
3649,389
3650,385
3651,384
3652,364
3653,343
3654,360
3655,495
3656,673
3657,818
3658,1285
3659,1738
3660,1782
3661,1788
3662,1807
3663,1803
3664,1776
3665,1787
3666,1780
3667,1762
3668,1762
3669,1694
3670,1106
3671,601
3672,516
3673,459
3674,456
3675,419
3676,378
3677,353
3678,382
3679,426
3680,539
3681,862
3682,1456
3683,1916
3684,1926
3685,1952
3686,1993
3687,1955
3688,1951
3689,1961
3690,1997
3691,1982
3692,1955
3693,1783
3694,1017
3695,551
3696,481
3697,445
3698,439
3699,432
3700,429
3701,402
3702,440
3703,593
3704,780
3705,972
3706,1573
3707,2102
3708,2178
3709,2222
3710,2236
3711,2246
3712,2219
3713,2205
3714,2078
3715,2040
3716,1993
3717,1830
3718,1078
3719,588
3720,457
3721,425
3722,428
3723,424
3724,409
3725,389
3726,446
3727,553
3728,769
3729,920
3730,1398
3731,1842
3732,1875
3733,1913
3734,2043
3735,2125
3736,2065
3737,1951
3738,1951
3739,1951
3740,1917
3741,1735
3742,996
3743,533
3744,474
3745,443
3746,436
3747,428
3748,415
3749,385
3750,414
3751,608
3752,790
3753,1051
3754,1665
3755,2092
3756,2136
3757,2149
3758,2164
3759,2143
3760,2146
3761,2143
3762,2109
3763,2014
3764,1951
3765,1784
3766,989
3767,540
3768,485
3769,428
3770,464
3771,435
3772,418
3773,381
3774,425
3775,529
3776,728
3777,879
3778,1357
3779,1954
3780,1937
3781,1978
3782,2017
3783,2020
3784,1982
3785,1903
3786,1872
3787,1862
3788,1844
3789,1711
3790,913
3791,519
3792,463
3793,415
3794,418
3795,409
3796,406
3797,371
3798,398
3799,436
3800,626
3801,917
3802,1382
3803,1762
3804,1820
3805,1848
3806,1912
3807,1993
3808,2017
3809,1972
3810,1848
3811,1838
3812,1827
3813,1728
3814,980
3815,540
3816,477
3817,454
3818,436
3819,432
3820,428
3821,391
3822,416
3823,560
3824,735
3825,928
3826,1433
3827,2027
3828,2057
3829,2082
3830,2126
3831,2113
3832,2033
3833,1954
3834,1906
3835,1890
3836,1862
3837,1817
3838,1014
3839,508
3840,446
3841,406
3842,403
3843,399
3844,385
3845,360
3846,382
3847,412
3848,509
3849,924
3850,1577
3851,2065
3852,2081
3853,2099
3854,2150
3855,2103
3856,2096
3857,2093
3858,2085
3859,2061
3860,2010
3861,1838
3862,1100
3863,564
3864,481
3865,432
3866,432
3867,440
3868,425
3869,415
3870,449
3871,563
3872,721
3873,1017
3874,1525
3875,1948
3876,2007
3877,2020
3878,2013
3879,2034
3880,2010
3881,1992
3882,2013
3883,2004
3884,1951
3885,1831
3886,1099
3887,533
3888,117
3889,0
3890,0
3891,0
3892,145
3893,379
3894,436
3895,642
3896,828
3897,989
3898,1631
3899,2055
3900,2068
3901,2075
3902,2074
3903,2076
3904,2061
3905,2046
3906,2030
3907,2013
3908,1986
3909,1814
3910,1038
3911,526
3912,141
3913,0
3914,0
3915,0
3916,227
3917,389
3918,450
3919,608
3920,804
3921,1037
3922,1522
3923,2092
3924,2167
3925,2157
3926,2209
3927,2206
3928,2139
3929,2106
3930,2119
3931,2096
3932,2044
3933,1897
3934,1130
3935,677
3936,337
3937,0
3938,0
3939,0
3940,0
3941,220
3942,522
3943,626
3944,790
3945,1051
3946,1577
3947,2072
3948,2125
3949,2109
3950,2160
3951,2153
3952,2216
3953,2322
3954,2301
3955,2319
3956,2291
3957,2109
3958,1158
3959,550
3960,158
3961,0
3962,0
3963,0
3964,417
3965,397
3966,485
3967,619
3968,860
3969,874
3970,1491
3971,2207
3972,2280
3973,2271
3974,2268
3975,2327
3976,2285
3977,2263
3978,2251
3979,2178
3980,2085
3981,2031
3982,1584
3983,823
3984,494
3985,416
3986,414
3987,409
3988,398
3989,375
3990,438
3991,631
3992,804
3993,1007
3994,1864
3995,2224
3996,2230
3997,2232
3998,2241
3999,2205
4000,2178
4001,2157
4002,2128
4003,2121
4004,2092
4005,2010
4006,1661
4007,840
4008,459
4009,415
4010,409
4011,409
4012,404
4013,380
4014,417
4015,457
4016,532
4017,944
4018,1664
4019,2124
4020,2134
4021,2097
4022,2145
4023,2119
4024,2148
4025,2076
4026,2024
4027,1994
4028,1966
4029,1812
4030,1087
4031,535
4032,439
4033,403
4034,386
4035,387
4036,376
4037,363
4038,510
4039,619
4040,738
4041,911
4042,1458
4043,1961
4044,2156
4045,2211
4046,2240
4047,2216
4048,2199
4049,2177
4050,2162
4051,2151
4052,2106
4053,1898
4054,1144
4055,635
4056,450
4057,427
4058,424
4059,418
4060,403
4061,387
4062,570
4063,715
4064,856
4065,1036
4066,1554
4067,2168
4068,2020
4069,2057
4070,2349
4071,2090
4072,2028
4073,2291
4074,2292
4075,2286
4076,2176
4077,1997
4078,1154
4079,551
4080,462
4081,421
4082,418
4083,414
4084,408
4085,376
4086,572
4087,749
4088,895
4089,1066
4090,1779
4091,2267
4092,2316
4093,2290
4094,2312
4095,2313
4096,2296
4097,2280
4098,2271
4099,2227
4100,2176
4101,1980
4102,1115
4103,558
4104,368
4105,0
4106,0
4107,0
4108,0
4109,244
4110,560
4111,658
4112,762
4113,988
4114,1449
4115,1916
4116,2216
4117,2308
4118,2265
4119,2243
4120,2043
4121,1952
4122,1945
4123,1949
4124,1912
4125,1752
4126,1001
4127,485
4128,409
4129,383
4130,382
4131,378
4132,358
4133,353
4134,531
4135,645
4136,767
4137,988
4138,1584
4139,2012
4140,2043
4141,1996
4142,1978
4143,2036
4144,2071
4145,2082
4146,2060
4147,2053
4148,1989
4149,1877
4150,1060
4151,513
4152,436
4153,391
4154,388
4155,389
4156,377
4157,348
4158,465
4159,578
4160,706
4161,884
4162,1411
4163,1907
4164,1959
4165,2020
4166,2053
4167,2054
4168,2062
4169,2224
4170,2179
4171,2105
4172,2043
4173,1950
4174,1170
4175,554
4176,467
4177,425
4178,417
4179,415
4180,406
4181,380
4182,404
4183,458
4184,703
4185,1060
4186,1673
4187,2173
4188,2163
4189,2179
4190,2238
4191,2204
4192,2207
4193,2235
4194,2212
4195,2173
4196,2106
4197,1929
4198,1107
4199,571
4200,495
4201,435
4202,435
4203,432
4204,417
4205,394
4206,575
4207,706
4208,821
4209,998
4210,1613
4211,2230
4212,2257
4213,2270
4214,2349
4215,2333
4216,2315
4217,2237
4218,2202
4219,2124
4220,2050
4221,1918
4222,1039
4223,544
4224,462
4225,229
4226,423
4227,394
4228,379
4229,355
4230,521
4231,657
4232,792
4233,1042
4234,1529
4235,1969
4236,2035
4237,2055
4238,2084
4239,2097
4240,2119
4241,2123
4242,2326
4243,2265
4244,2155
4245,1988
4246,1175
4247,560
4248,454
4249,421
4250,419
4251,415
4252,406
4253,390
4254,508
4255,688
4256,850
4257,1021
4258,1707
4259,2340
4260,2341
4261,2376
4262,2261
4263,2344
4264,2213
4265,2202
4266,2218
4267,2197
4268,2119
4269,1953
4270,1105
4271,547
4272,464
4273,430
4274,438
4275,441
4276,431
4277,409
4278,550
4279,683
4280,811
4281,1094
4282,1748
4283,2226
4284,2193
4285,2161
4286,2252
4287,2278
4288,2299
4289,2275
4290,2218
4291,2149
4292,2076
4293,1915
4294,1115
4295,596
4296,484
4297,446
4298,450
4299,442
4300,431
4301,418
4302,556
4303,701
4304,799
4305,1103
4306,1749
4307,2284
4308,2321
4309,2337
4310,2389
4311,2383
4312,2368
4313,2339
4314,2304
4315,2227
4316,2210
4317,2083
4318,1213
4319,588
4320,488
4321,436
4322,420
4323,422
4324,412
4325,388
4326,436
4327,465
4328,656
4329,1114
4330,1688
4331,2229
4332,2295
4333,2355
4334,2396
4335,2366
4336,2293
4337,2209
4338,2153
4339,2081
4340,2085
4341,1962
4342,1171
4343,553
4344,473
4345,417
4346,411
4347,412
4348,406
4349,383
4350,409
4351,433
4352,599
4353,1142
4354,1731
4355,2291
4356,2353
4357,2368
4358,2386
4359,2351
4360,2228
4361,2198
4362,2231
4363,2219
4364,2165
4365,2002
4366,1181
4367,579
4368,484
4369,434
4370,430
4371,427
4372,425
4373,388
4374,545
4375,695
4376,825
4377,971
4378,1465
4379,1969
4380,2056
4381,2092
4382,2149
4383,2388
4384,2310
4385,2242
4386,2211
4387,2122
4388,2109
4389,1960
4390,1171
4391,560
4392,447
4393,424
4394,424
4395,417
4396,414
4397,382
4398,504
4399,641
4400,749
4401,913
4402,1480
4403,1920
4404,1972
4405,1953
4406,1971
4407,1960
4408,1942
4409,1923
4410,1957
4411,1934
4412,1912
4413,1729
4414,1039
4415,509
4416,424
4417,397
4418,405
4419,394
4420,388
4421,369
4422,524
4423,623
4424,763
4425,955
4426,1635
4427,2093
4428,2095
4429,2067
4430,2116
4431,2136
4432,2132
4433,2118
4434,2112
4435,2080
4436,2029
4437,1876
4438,1075
4439,552
4440,470
4441,427
4442,430
4443,430
4444,428
4445,402
4446,515
4447,685
4448,831
4449,1032
4450,1495
4451,1970
4452,2008
4453,1982
4454,1935
4455,1857
4456,1902
4457,2049
4458,2052
4459,2042
4460,2000
4461,1857
4462,1058
4463,552
4464,473
4465,444
4466,444
4467,437
4468,434
4469,407
4470,516
4471,645
4472,763
4473,932
4474,1675
4475,2221
4476,2231
4477,2258
4478,2172
4479,2183
4480,2148
4481,2099
4482,2076
4483,2030
4484,1994
4485,1961
4486,1229
4487,580
4488,472
4489,439
4490,433
4491,421
4492,413
4493,393
4494,496
4495,637
4496,779
4497,974
4498,1551
4499,2135
4500,2249
4501,2301
4502,2270
4503,2259
4504,2248
4505,2243
4506,2216
4507,2210
4508,2175
4509,2055
4510,1261
4511,654
4512,564
4513,558
4514,504
4515,494
4516,473
4517,446
4518,474
4519,514
4520,597
4521,964
4522,1636
4523,2197
4524,2195
4525,2214
4526,2269
4527,2224
4528,2190
4529,2189
4530,2200
4531,2146
4532,2095
4533,1949
4534,1184
4535,630
4536,488
4537,448
4538,438
4539,420
4540,405
4541,379
4542,560
4543,685
4544,804
4545,1011
4546,1551
4547,2151
4548,2194
4549,2053
4550,1995
4551,2149
4552,2227
4553,2246
4554,2237
4555,2198
4556,2114
4557,1956
4558,1169
4559,562
4560,450
4561,416
4562,415
4563,408
4564,397
4565,383
4566,563
4567,700
4568,839
4569,973
4570,1535
4571,1948
4572,1980
4573,2004
4574,2047
4575,2080
4576,2077
4577,2008
4578,2037
4579,2140
4580,2080
4581,1933
4582,1102
4583,568
4584,466
4585,436
4586,440
4587,434
4588,429
4589,407
4590,564
4591,672
4592,892
4593,1156
4594,1706
4595,2215
4596,2199
4597,2181
4598,2217
4599,2225
4600,2279
4601,2233
4602,2143
4603,2099
4604,2080
4605,1926
4606,1066
4607,585
4608,506
4609,496
4610,486
4611,475
4612,442
4613,409
4614,557
4615,671
4616,894
4617,1203
4618,1678
4619,2206
4620,2272
4621,2245
4622,2227
4623,2301
4624,2312
4625,2282
4626,2275
4627,2217
4628,2193
4629,1992
4630,1195
4631,648
4632,555
4633,513
4634,498
4635,490
4636,488
4637,459
4638,651
4639,768
4640,841
4641,1016
4642,1554
4643,2176
4644,2276
4645,2255
4646,2115
4647,2112
4648,2108
4649,2096
4650,2096
4651,2078
4652,2086
4653,2004
4654,1265
4655,576
4656,472
4657,433
4658,426
4659,421
4660,409
4661,388
4662,538
4663,683
4664,834
4665,904
4666,1357
4667,1842
4668,1940
4669,2093
4670,2135
4671,2137
4672,2096
4673,2083
4674,2065
4675,1977
4676,1947
4677,1854
4678,1170
4679,547
4680,461
4681,430
4682,429
4683,429
4684,417
4685,382
4686,417
4687,435
4688,533
4689,822
4690,1356
4691,1750
4692,1774
4693,1813
4694,1869
4695,1850
4696,1847
4697,1872
4698,1881
4699,1874
4700,1856
4701,1680
4702,970
4703,538
4704,457
4705,415
4706,416
4707,414
4708,408
4709,381
4710,528
4711,623
4712,748
4713,1025
4714,1493
4715,1975
4716,2021
4717,1985
4718,2033
4719,2040
4720,2059
4721,2034
4722,1988
4723,1947
4724,1920
4725,1776
4726,1072
4727,543
4728,467
4729,424
4730,423
4731,426
4732,411
4733,379
4734,509
4735,592
4736,703
4737,889
4738,1497
4739,1970
4740,2021
4741,2041
4742,2049
4743,2088
4744,2077
4745,2053
4746,2016
4747,1990
4748,1956
4749,1782
4750,1146
4751,578
4752,490
4753,439
4754,426
4755,430
4756,418
4757,410
4758,557
4759,661
4760,789
4761,964
4762,1464
4763,1875
4764,1880
4765,2020
4766,2076
4767,2129
4768,2124
4769,2069
4770,2073
4771,2051
4772,2025
4773,1864
4774,1104
4775,623
4776,493
4777,434
4778,411
4779,406
4780,397
4781,382
4782,565
4783,662
4784,788
4785,1012
4786,1725
4787,2154
4788,2173
4789,2162
4790,2173
4791,2205
4792,2167
4793,2101
4794,2118
4795,2088
4796,2082
4797,1919
4798,1138
4799,537
4800,473
4801,429
4802,414
4803,406
4804,398
4805,377
4806,527
4807,648
4808,790
4809,1008
4810,1562
4811,2026
4812,2059
4813,2045
4814,2089
4815,2084
4816,2092
4817,2153
4818,2265
4819,2241
4820,2202
4821,2109
4822,1276
4823,575
4824,485
4825,451
4826,442
4827,440
4828,436
4829,417
4830,542
4831,670
4832,864
4833,1088
4834,1678
4835,2157
4836,2137
4837,2161
4838,2200
4839,2118
4840,2038
4841,2025
4842,2003
4843,1988
4844,1983
4845,1898
4846,1185
4847,564
4848,475
4849,438
4850,437
4851,429
4852,413
4853,383
4854,392
4855,414
4856,521
4857,965
4858,1634
4859,2112
4860,2151
4861,2154
4862,2220
4863,2175
4864,2193
4865,2186
4866,2172
4867,2076
4868,2025
4869,1848
4870,1136
4871,558
4872,479
4873,419
4874,413
4875,410
4876,409
4877,391
4878,563
4879,665
4880,741
4881,894
4882,1363
4883,1913
4884,2157
4885,2120
4886,2124
4887,2182
4888,2158
4889,2124
4890,2088
4891,2053
4892,2038
4893,1848
4894,1059
4895,545
4896,462
4897,429
4898,411
4899,407
4900,401
4901,378
4902,390
4903,532
4904,826
4905,1123
4906,1692
4907,2119
4908,2189
4909,2201
4910,2239
4911,2284
4912,2319
4913,2302
4914,2257
4915,2238
4916,2185
4917,2027
4918,1241
4919,638
4920,532
4921,483
4922,471
4923,470
4924,467
4925,464
4926,593
4927,734
4928,976
4929,1140
4930,1673
4931,2187
4932,2175
4933,2034
4934,2099
4935,2083
4936,2077
4937,2048
4938,2042
4939,2006
4940,1981
4941,1846
4942,1129
4943,682
4944,590
4945,534
4946,527
4947,509
4948,502
4949,473
4950,597
4951,704
4952,790
4953,1014
4954,1586
4955,2339
4956,2482
4957,2430
4958,2406
4959,2389
4960,2402
4961,2410
4962,2325
4963,2243
4964,2186
4965,2054
4966,1321
4967,743
4968,651
4969,600
4970,571
4971,557
4972,530
4973,499
4974,637
4975,754
4976,863
4977,1122
4978,1814
4979,2364
4980,2418
4981,2433
4982,2436
4983,2407
4984,2415
4985,2434
4986,2369
4987,2279
4988,2243
4989,2138
4990,1319
4991,585
4992,507
4993,477
4994,430
4995,413
4996,411
4997,386
4998,500
4999,628
5000,805
5001,1174
5002,1743
5003,2360
5004,2368
5005,2358
5006,2382
5007,2388
5008,2376
5009,2361
5010,2200
5011,2145
5012,2173
5013,2071
5014,1212
5015,633
5016,529
5017,474
5018,463
5019,460
5020,456
5021,415
5022,440
5023,594
5024,868
5025,1194
5026,1889
5027,2404
5028,2458
5029,2477
5030,2469
5031,2419
5032,2425
5033,2397
5034,2312
5035,2144
5036,2138
5037,2003
5038,1141
5039,620
5040,533
5041,451
5042,427
5043,421
5044,421
5045,392
5046,506
5047,667
5048,832
5049,1063
5050,1889
5051,2420
5052,2421
5053,2474
5054,2518
5055,2518
5056,2480
5057,2452
5058,2309
5059,2233
5060,2195
5061,2043
5062,1237
5063,641
5064,528
5065,474
5066,446
5067,437
5068,423
5069,401
5070,562
5071,736
5072,848
5073,1018
5074,1640
5075,2287
5076,2294
5077,2321
5078,2322
5079,2383
5080,2277
5081,2262
5082,2233
5083,2213
5084,2219
5085,2023
5086,1202
5087,609
5088,495
5089,443
5090,417
5091,415
5092,402
5093,376
5094,547
5095,685
5096,829
5097,1172
5098,1738
5099,2220
5100,2273
5101,2256
5102,2065
5103,2025
5104,2013
5105,2041
5106,2027
5107,2055
5108,2040
5109,1892
5110,1118
5111,585
5112,477
5113,431
5114,413
5115,396
5116,390
5117,369
5118,536
5119,630
5120,757
5121,971
5122,1618
5123,2113
5124,2201
5125,2222
5126,2218
5127,2060
5128,2002
5129,1956
5130,1931
5131,1905
5132,1879
5133,1764
5134,1127
5135,635
5136,515
5137,450
5138,420
5139,417
5140,473
5141,467
5142,581
5143,644
5144,808
5145,1047
5146,1575
5147,2006
5148,2137
5149,2161
5150,2165
5151,2245
5152,2235
5153,2230
5154,2166
5155,2102
5156,2135
5157,2057
5158,1229
5159,598
5160,511
5161,451
5162,441
5163,425
5164,401
5165,384
5166,543
5167,657
5168,830
5169,1011
5170,1651
5171,2218
5172,2267
5173,2298
5174,2293
5175,2538
5176,2529
5177,2525
5178,2398
5179,2356
5180,2314
5181,2216
5182,1273
5183,716
5184,618
5185,590
5186,516
5187,441
5188,430
5189,398
5190,427
5191,552
5192,812
5193,987
5194,1773
5195,2335
5196,2382
5197,2420
5198,2407
5199,2275
5200,2250
5201,2243
5202,2233
5203,2193
5204,2163
5205,2041
5206,1241
5207,665
5208,574
5209,518
5210,512
5211,498
5212,495
5213,475
5214,639
5215,763
5216,884
5217,1088
5218,1564
5219,1937
5220,2018
5221,2195
5222,2254
5223,2273
5224,2246
5225,2249
5226,2224
5227,2182
5228,2121
5229,1958
5230,1235
5231,610
5232,472
5233,433
5234,424
5235,430
5236,427
5237,386
5238,441
5239,631
5240,755
5241,905
5242,1415
5243,1882
5244,2031
5245,2058
5246,2076
5247,2083
5248,2187
5249,2265
5250,2211
5251,2163
5252,2127
5253,1947
5254,1137
5255,556
5256,472
5257,425
5258,419
5259,417
5260,411
5261,384
5262,581
5263,690
5264,806
5265,1046
5266,1754
5267,2318
5268,2328
5269,2306
5270,2300
5271,2373
5272,2379
5273,2338
5274,2300
5275,2316
5276,2267
5277,2108
5278,1244
5279,635
5280,542
5281,476
5282,463
5283,458
5284,448
5285,429
5286,592
5287,735
5288,883
5289,1119
5290,1638
5291,2119
5292,2327
5293,2357
5294,2369
5295,2434
5296,2428
5297,2369
5298,2328
5299,2307
5300,2281
5301,2070
5302,1361
5303,664
5304,539
5305,479
5306,464
5307,446
5308,425
5309,412
5310,589
5311,680
5312,821
5313,1164
5314,1798
5315,2311
5316,2376
5317,2387
5318,2391
5319,2490
5320,2420
5321,2265
5322,2255
5323,2223
5324,2200
5325,2125
5326,1327
5327,655
5328,564
5329,499
5330,498
5331,479
5332,471
5333,467
5334,602
5335,725
5336,810
5337,919
5338,1387
5339,2001
5340,2043
5341,2099
5342,2124
5343,2111
5344,2093
5345,2072
5346,2041
5347,1980
5348,1946
5349,1835
5350,1116
5351,617
5352,521
5353,478
5354,470
5355,465
5356,448
5357,425
5358,477
5359,588
5360,830
5361,929
5362,1382
5363,1761
5364,1779
5365,1823
5366,1853
5367,1822
5368,1812
5369,1804
5370,1824
5371,1814
5372,1804
5373,1682
5374,1018
5375,502
5376,424
5377,387
5378,381
5379,356
5380,347
5381,321
5382,453
5383,555
5384,681
5385,852
5386,1450
5387,1922
5388,1965
5389,1977
5390,2007
5391,2023
5392,2008
5393,2012
5394,2040
5395,2020
5396,2027
5397,1851
5398,1113
5399,560
5400,421
5401,381
5402,384
5403,375
5404,367
5405,345
5406,506
5407,613
5408,764
5409,966
5410,1459
5411,1987
5412,2012
5413,2022
5414,2070
5415,2124
5416,2120
5417,2102
5418,2064
5419,2029
5420,2011
5421,1859
5422,1092
5423,589
5424,468
5425,438
5426,433
5427,420
5428,405
5429,384
5430,551
5431,654
5432,768
5433,999
5434,1507
5435,1992
5436,1989
5437,2013
5438,2113
5439,2301
5440,2236
5441,2211
5442,2201
5443,2178
5444,2126
5445,1979
5446,1127
5447,616
5448,518
5449,469
5450,453
5451,444
5452,428
5453,406
5454,589
5455,730
5456,852
5457,1049
5458,1568
5459,2065
5460,2273
5461,2240
5462,2272
5463,2311
5464,2326
5465,2220
5466,2232
5467,2224
5468,2161
5469,1996
5470,1177
5471,566
5472,476
5473,435
5474,400
5475,401
5476,409
5477,372
5478,554
5479,698
5480,846
5481,1061
5482,1583
5483,2060
5484,2112
5485,2107
5486,2153
5487,2224
5488,2338
5489,2337
5490,2310
5491,2271
5492,2249
5493,2132
5494,1258
5495,580
5496,477
5497,430
5498,419
5499,407
5500,398
5501,368
5502,508
5503,646
5504,824
5505,1092
5506,1753
5507,2307
5508,2356
5509,2354
5510,2400
5511,2435
5512,2424
5513,2345
5514,2218
5515,2126
5516,2104
5517,1978
5518,1209
5519,546
5520,482
5521,432
5522,418
5523,391
5524,376
5525,354
5526,393
5527,559
5528,730
5529,973
5530,1558
5531,2106
5532,2340
5533,2429
5534,2461
5535,2416
5536,2426
5537,2444
5538,2417
5539,2389
5540,2364
5541,2176
5542,1270
5543,629
5544,510
5545,465
5546,449
5547,433
5548,421
5549,418
5550,619
5551,760
5552,905
5553,1127
5554,1737
5555,2377
5556,2402
5557,2414
5558,2474
5559,2433
5560,2410
5561,2399
5562,2382
5563,2338
5564,2267
5565,2075
5566,1169
5567,679
5568,607
5569,554
5570,542
5571,501
5572,476
5573,453
5574,669
5575,766
5576,890
5577,1073
5578,1606
5579,2159
5580,2314
5581,2232
5582,2156
5583,2067
5584,2014
5585,2017
5586,2034
5587,2039
5588,2041
5589,1885
5590,1059
5591,597
5592,449
5593,405
5594,404
5595,396
5596,385
5597,358
5598,564
5599,688
5600,838
5601,1024
5602,1591
5603,2314
5604,2319
5605,2354
5606,2359
5607,2362
5608,2358
5609,2350
5610,2275
5611,2278
5612,2277
5613,2110
5614,1239
5615,696
5616,598
5617,489
5618,448
5619,422
5620,405
5621,385
5622,566
5623,746
5624,900
5625,1142
5626,1655
5627,2315
5628,2360
5629,2362
5630,2384
5631,2424
5632,2349
5633,2345
5634,2393
5635,2386
5636,2325
5637,2099
5638,1239
5639,669
5640,572
5641,519
5642,492
5643,486
5644,469
5645,445
5646,511
5647,664
5648,860
5649,1011
5650,1868
5651,2509
5652,2563
5653,2590
5654,2657
5655,2679
5656,2673
5657,2636
5658,2553
5659,2462
5660,2415
5661,2327
5662,1435
5663,668
5664,565
5665,563
5666,551
5667,534
5668,526
5669,493
5670,536
5671,666
5672,822
5673,1161
5674,1830
5675,2435
5676,2550
5677,2547
5678,2573
5679,2594
5680,2561
5681,2570
5682,2484
5683,2448
5684,2439
5685,2292
5686,1357
5687,646
5688,529
5689,474
5690,452
5691,415
5692,409
5693,377
5694,412
5695,648
5696,841
5697,1047
5698,1741
5699,2413
5700,2540
5701,2568
5702,2567
5703,2016
5704,2077
5705,2055
5706,2110
5707,2177
5708,2152
5709,2029
5710,1178
5711,663
5712,535
5713,473
5714,457
5715,440
5716,434
5717,402
5718,632
5719,730
5720,810
5721,979
5722,1443
5723,2019
5724,2003
5725,1961
5726,1955
5727,1929
5728,1915
5729,1931
5730,1937
5731,1943
5732,1882
5733,1722
5734,970
5735,505
5736,439
5737,406
5738,410
5739,395
5740,394
5741,375
5742,503
5743,609
5744,719
5745,984
5746,1431
5747,1830
5748,1864
5749,1867
5750,1881
5751,1909
5752,1910
5753,1985
5754,2042
5755,2065
5756,2035
5757,1867
5758,1130
5759,652
5760,556
5761,497
5762,488
5763,479
5764,475
5765,463
5766,595
5767,709
5768,858
5769,1081
5770,1611
5771,2111
5772,2206
5773,2239
5774,2233
5775,2244
5776,2274
5777,2497
5778,2428
5779,2155
5780,2129
5781,1957
5782,1130
5783,624
5784,551
5785,507
5786,482
5787,464
5788,446
5789,427
5790,599
5791,716
5792,839
5793,1017
5794,1588
5795,2202
5796,2306
5797,2324
5798,2320
5799,2383
5800,2386
5801,2370
5802,2353
5803,2336
5804,2258
5805,2072
5806,1297
5807,646
5808,515
5809,475
5810,468
5811,454
5812,453
5813,429
5814,483
5815,630
5816,861
5817,1029
5818,1652
5819,2274
5820,2306
5821,2326
5822,2406
5823,2511
5824,2546
5825,2555
5826,2493
5827,2461
5828,2458
5829,2360
5830,1981
5831,1045
5832,547
5833,471
5834,434
5835,422
5836,418
5837,394
5838,540
5839,680
5840,822
5841,996
5842,1636
5843,2268
5844,2328
5845,2325
5846,2377
5847,2504
5848,2511
5849,2488
5850,2371
5851,2346
5852,2306
5853,2238
5854,1863
5855,1060
5856,559
5857,430
5858,419
5859,409
5860,390
5861,359
5862,396
5863,522
5864,770
5865,901
5866,1689
5867,2435
5868,2464
5869,2464
5870,2531
5871,2482
5872,2458
5873,2471
5874,2482
5875,2447
5876,2424
5877,2319
5878,1923
5879,1063
5880,515
5881,444
5882,441
5883,415
5884,398
5885,375
5886,541
5887,708
5888,858
5889,1011
5890,1450
5891,1944
5892,1937
5893,1970
5894,2140
5895,2285
5896,2233
5897,2189
5898,2162
5899,2132
5900,2092
5901,1925
5902,1113
5903,547
5904,504
5905,428
5906,410
5907,395
5908,390
5909,362
5910,518
5911,633
5912,752
5913,957
5914,1500
5915,2079
5916,2150
5917,2191
5918,2276
5919,2196
5920,2070
5921,2092
5922,2107
5923,2081
5924,2075
5925,1902
5926,1119
5927,686
5928,609
5929,527
5930,518
5931,484
5932,471
5933,441
5934,620
5935,747
5936,845
5937,1025
5938,1730
5939,2540
5940,2591
5941,2621
5942,2688
5943,2662
5944,2672
5945,2648
5946,2620
5947,2592
5948,2537
5949,2284
5950,1382
5951,641
5952,562
5953,492
5954,441
5955,432
5956,417
5957,395
5958,587
5959,725
5960,829
5961,1020
5962,1632
5963,2406
5964,2509
5965,2569
5966,2634
5967,2663
5968,2562
5969,2497
5970,2492
5971,2466
5972,2284
5973,1682
5974,1152
5975,546
5976,485
5977,449
5978,413
5979,408
5980,408
5981,382
5982,541
5983,640
5984,762
5985,1059
5986,1673
5987,2198
5988,2237
5989,2248
5990,2237
5991,2231
5992,2240
5993,2221
5994,2215
5995,2189
5996,2150
5997,2042
5998,1194
5999,597
6000,508
6001,453
6002,428
6003,409
6004,397
6005,373
6006,491
6007,679
6008,816
6009,1176
6010,1717
6011,2332
6012,2336
6013,2387
6014,2438
6015,2408
6016,2392
6017,2382
6018,2355
6019,2337
6020,2338
6021,2211
6022,1392
6023,637
6024,532
6025,467
6026,440
6027,421
6028,404
6029,379
6030,419
6031,586
6032,842
6033,1162
6034,1742
6035,2432
6036,2498
6037,2557
6038,2652
6039,2491
6040,2424
6041,2412
6042,2457
6043,2450
6044,2416
6045,2177
6046,1146
6047,656
6048,545
6049,491
6050,458
6051,440
6052,436
6053,421
6054,583
6055,759
6056,883
6057,1139
6058,1760
6059,2407
6060,2420
6061,2428
6062,2469
6063,2541
6064,2501
6065,2471
6066,2450
6067,2404
6068,2383
6069,2158
6070,1197
6071,611
6072,495
6073,461
6074,439
6075,413
6076,398
6077,375
6078,538
6079,727
6080,898
6081,1084
6082,1633
6083,2338
6084,2552
6085,2580
6086,2561
6087,2572
6088,2605
6089,2546
6090,2548
6091,2523
6092,2474
6093,2253
6094,1315
6095,651
6096,532
6097,492
6098,472
6099,442
6100,421
6101,402
6102,544
6103,716
6104,899
6105,1103
6106,1800
6107,2608
6108,2582
6109,2571
6110,2573
6111,2558
6112,2535
6113,2429
6114,2390
6115,2344
6116,2323
6117,2108
6118,1244
6119,663
6120,547
6121,481
6122,470
6123,449
6124,433
6125,446
6126,568
6127,775
6128,1017
6129,1310
6130,1948
6131,2625
6132,2698
6133,2706
6134,2476
6135,2674
6136,2611
6137,2542
6138,2485
6139,2462
6140,2412
6141,2180
6142,1212
6143,638
6144,525
6145,483
6146,460
6147,441
6148,434
6149,419
6150,569
6151,764
6152,921
6153,1298
6154,1920
6155,2599
6156,2649
6157,2644
6158,2708
6159,2711
6160,2684
6161,2634
6162,2614
6163,2572
6164,2523
6165,2358
6166,1417
6167,647
6168,501
6169,446
6170,429
6171,417
6172,410
6173,387
6174,609
6175,742
6176,1050
6177,1259
6178,1969
6179,2634
6180,2660
6181,2761
6182,2757
6183,2744
6184,2763
6185,2706
6186,2502
6187,2387
6188,2345
6189,2245
6190,1431
6191,623
6192,486
6193,453
6194,438
6195,428
6196,419
6197,391
6198,433
6199,632
6200,894
6201,1228
6202,1898
6203,2629
6204,2607
6205,2586
6206,2473
6207,2498
6208,2474
6209,2461
6210,2476
6211,2444
6212,2418
6213,2193
6214,1364
6215,648
6216,523
6217,469
6218,444
6219,431
6220,421
6221,395
6222,602
6223,723
6224,894
6225,1217
6226,1891
6227,2434
6228,2460
6229,2471
6230,2570
6231,2566
6232,2551
6233,2526
6234,2487
6235,2405
6236,2344
6237,2124
6238,1214
6239,608
6240,492
6241,470
6242,466
6243,450
6244,448
6245,420
6246,629
6247,743
6248,915
6249,1086
6250,1672
6251,2432
6252,2455
6253,2494
6254,2495
6255,2512
6256,2521
6257,2485
6258,2435
6259,2379
6260,2328
6261,2085
6262,1218
6263,622
6264,527
6265,483
6266,457
6267,434
6268,420
6269,406
6270,597
6271,731
6272,848
6273,1083
6274,1773
6275,2449
6276,2410
6277,2421
6278,2502
6279,2489
6280,2494
6281,2487
6282,2445
6283,2398
6284,2329
6285,2128
6286,1253
6287,749
6288,601
6289,557
6290,551
6291,490
6292,442
6293,417
6294,617
6295,745
6296,885
6297,1274
6298,1951
6299,2435
6300,2479
6301,2457
6302,2517
6303,2428
6304,2383
6305,2320
6306,2324
6307,2268
6308,2211
6309,2043
6310,1199
6311,608
6312,503
6313,462
6314,442
6315,424
6316,412
6317,387
6318,596
6319,736
6320,850
6321,1112
6322,1921
6323,2516
6324,2594
6325,2576
6326,2602
6327,2650
6328,2624
6329,2585
6330,2521
6331,2489
6332,2462
6333,2283
6334,1391
6335,663
6336,534
6337,480
6338,459
6339,441
6340,425
6341,411
6342,598
6343,743
6344,885
6345,1104
6346,1869
6347,2494
6348,2531
6349,2546
6350,2579
6351,2580
6352,2594
6353,2555
6354,2491
6355,2421
6356,2352
6357,2224
6358,1294
6359,600
6360,495
6361,452
6362,424
6363,416
6364,403
6365,378
6366,425
6367,577
6368,802
6369,1079
6370,1773
6371,2418
6372,2504
6373,2628
6374,2616
6375,2589
6376,2550
6377,2528
6378,2483
6379,2431
6380,2390
6381,2187
6382,1231
6383,587
6384,502
6385,449
6386,429
6387,414
6388,403
6389,382
6390,448
6391,656
6392,911
6393,1139
6394,2010
6395,2662
6396,2661
6397,2647
6398,2706
6399,2673
6400,2673
6401,2608
6402,2528
6403,2434
6404,2370
6405,2155
6406,1260
6407,647
6408,511
6409,446
6410,447
6411,432
6412,420
6413,395
6414,450
6415,698
6416,1041
6417,1393
6418,2071
6419,2552
6420,2612
6421,2657
6422,2663
6423,2654
6424,2635
6425,2616
6426,2578
6427,2497
6428,2455
6429,2227
6430,1297
6431,682
6432,597
6433,546
6434,534
6435,501
6436,465
6437,439
6438,520
6439,809
6440,1007
6441,1269
6442,2141
6443,2706
6444,2758
6445,2739
6446,2735
6447,2743
6448,2717
6449,2676
6450,2623
6451,2563
6452,2525
6453,2343
6454,1368
6455,619
6456,545
6457,487
6458,453
6459,454
6460,445
6461,426
6462,494
6463,732
6464,1058
6465,1396
6466,2030
6467,2479
6468,2579
6469,2477
6470,2570
6471,2525
6472,2519
6473,2512
6474,2486
6475,2450
6476,2383
6477,2191
6478,1315
6479,673
6480,579
6481,510
6482,465
6483,445
6484,441
6485,417
6486,483
6487,703
6488,1055
6489,1256
6490,1842
6491,2205
6492,2304
6493,2427
6494,2462
6495,2445
6496,2409
6497,2374
6498,2409
6499,2432
6500,2414
6501,2337
6502,1308
6503,625
6504,525
6505,465
6506,436
6507,433
6508,444
6509,406
6510,456
6511,619
6512,979
6513,1183
6514,1699
6515,1998
6516,2176
6517,2188
6518,2254
6519,2251
6520,2220
6521,2186
6522,2202
6523,2172
6524,2131
6525,2100
6526,1743
6527,950
6528,483
6529,439
6530,436
6531,415
6532,409
6533,394
6534,442
6535,493
6536,614
6537,1133
6538,1812
6539,2234
6540,2279
6541,2272
6542,2341
6543,2298
6544,2281
6545,2293
6546,2314
6547,2301
6548,2269
6549,2056
6550,1623
6551,910
6552,483
6553,427
6554,420
6555,418
6556,409
6557,387
6558,452
6559,611
6560,882
6561,1257
6562,1767
6563,2178
6564,2258
6565,2300
6566,2357
6567,2352
6568,2368
6569,2345
6570,2265
6571,2267
6572,2281
6573,2120
6574,1233
6575,596
6576,449
6577,333
6578,419
6579,416
6580,405
6581,386
6582,450
6583,625
6584,825
6585,1073
6586,1637
6587,2260
6588,2332
6589,2400
6590,2410
6591,2429
6592,2437
6593,2403
6594,2359
6595,2352
6596,2278
6597,2083
6598,1383
6599,857
6600,673
6601,522
6602,466
6603,436
6604,431
6605,407
6606,467
6607,683
6608,869
6609,1106
6610,1726
6611,2572
6612,2632
6613,2654
6614,2619
6615,2656
6616,2662
6617,2636
6618,2570
6619,2504
6620,2449
6621,2227
6622,1377
6623,690
6624,507
6625,472
6626,468
6627,445
6628,418
6629,401
6630,506
6631,743
6632,961
6633,1178
6634,1916
6635,2557
6636,2565
6637,2565
6638,2518
6639,2582
6640,2605
6641,2302
6642,2306
6643,2236
6644,2176
6645,2039
6646,1346
6647,707
6648,540
6649,462
6650,446
6651,441
6652,422
6653,397
6654,492
6655,676
6656,854
6657,1065
6658,1856
6659,2359
6660,2362
6661,2365
6662,2477
6663,2416
6664,2323
6665,2232
6666,2172
6667,2120
6668,2111
6669,2042
6670,1331
6671,651
6672,552
6673,482
6674,429
6675,421
6676,409
6677,383
6678,447
6679,658
6680,862
6681,1153
6682,1788
6683,2236
6684,2313
6685,2323
6686,2382
6687,2398
6688,2392
6689,2317
6690,2290
6691,2299
6692,2296
6693,2165
6694,1295
6695,657
6696,565
6697,489
6698,440
6699,425
6700,411
6701,393
6702,477
6703,551
6704,672
6705,1083
6706,1846
6707,2422
6708,2497
6709,2520
6710,2527
6711,2460
6712,2427
6713,2364
6714,2395
6715,2355
6716,2322
6717,2122
6718,1267
6719,653
6720,559
6721,492
6722,428
6723,423
6724,414
6725,394
6726,489
6727,754
6728,969
6729,1132
6730,1819
6731,2533
6732,2587
6733,2582
6734,2676
6735,2664
6736,2557
6737,2482
6738,2436
6739,2355
6740,2252
6741,2102
6742,1303
6743,611
6744,487
6745,434
6746,416
6747,414
6748,408
6749,383
6750,450
6751,535
6752,726
6753,1278
6754,2037
6755,2485
6756,2496
6757,2515
6758,2569
6759,2480
6760,2390
6761,2354
6762,2317
6763,2310
6764,2269
6765,2076
6766,1334
6767,663
6768,544
6769,456
6770,425
6771,427
6772,418
6773,402
6774,485
6775,717
6776,980
6777,1139
6778,1942
6779,2372
6780,2303
6781,2364
6782,2304
6783,2196
6784,2139
6785,2093
6786,2088
6787,2091
6788,2093
6789,1945
6790,1269
6791,783
6792,670
6793,586
6794,505
6795,426
6796,415
6797,394
6798,470
6799,713
6800,956
6801,1193
6802,1811
6803,2227
6804,2296
6805,2321
6806,2270
6807,2172
6808,2127
6809,2099
6810,2103
6811,2077
6812,2046
6813,1925
6814,1191
6815,629
6816,493
6817,441
6818,428
6819,426
6820,423
6821,399
6822,495
6823,723
6824,913
6825,1125
6826,1693
6827,2203
6828,2249
6829,2261
6830,2309
6831,2301
6832,2320
6833,2306
6834,2265
6835,2245
6836,2195
6837,2042
6838,1236
6839,640
6840,543
6841,478
6842,452
6843,444
6844,424
6845,395
6846,434
6847,640
6848,915
6849,1196
6850,1860
6851,2372
6852,2408
6853,2453
6854,2469
6855,2465
6856,2475
6857,2487
6858,2390
6859,2333
6860,2235
6861,2130
6862,1416
6863,671
6864,490
6865,447
6866,442
6867,435
6868,419
6869,395
6870,430
6871,472
6872,594
6873,1091
6874,1627
6875,2033
6876,2112
6877,2155
6878,2197
6879,2193
6880,2213
6881,2202
6882,2213
6883,2195
6884,2134
6885,1907
6886,1174
6887,563
6888,471
6889,432
6890,396
6891,390
6892,383
6893,361
6894,455
6895,665
6896,843
6897,1016
6898,1535
6899,2161
6900,2261
6901,2281
6902,2315
6903,2336
6904,2299
6905,2283
6906,2260
6907,2232
6908,2206
6909,2052
6910,1284
6911,649
6912,550
6913,325
6914,0
6915,0
6916,302
6917,377
6918,455
6919,667
6920,891
6921,1069
6922,1789
6923,2298
6924,2407
6925,2445
6926,2506
6927,2451
6928,2464
6929,2417
6930,2378
6931,2320
6932,2229
6933,2084
6934,1418
6935,711
6936,576
6937,483
6938,462
6939,449
6940,445
6941,421
6942,496
6943,698
6944,883
6945,1259
6946,1899
6947,2337
6948,2385
6949,2427
6950,2371
6951,2419
6952,2432
6953,2426
6954,2396
6955,2374
6956,2338
6957,2140
6958,1411
6959,867
6960,770
6961,723
6962,697
6963,661
6964,552
6965,460
6966,506
6967,728
6968,959
6969,1253
6970,2019
6971,2468
6972,2506
6973,2493
6974,2518
6975,2483
6976,2428
6977,2427
6978,2408
6979,2373
6980,2352
6981,2187
6982,1464
6983,772
6984,614
6985,548
6986,527
6987,524
6988,497
6989,465
6990,491
6991,751
6992,1091
6993,1522
6994,2106
6995,2641
6996,2751
6997,2719
6998,2724
6999,2681
7000,2503
7001,2435
7002,2395
7003,2341
7004,2311
7005,2214
7006,1561
7007,791
7008,678
7009,611
7010,533
7011,532
7012,477
7013,459
7014,517
7015,757
7016,1053
7017,1370
7018,2028
7019,2577
7020,2627
7021,2630
7022,2616
7023,2659
7024,2672
7025,2639
7026,2556
7027,2526
7028,2483
7029,2384
7030,1562
7031,769
7032,539
7033,475
7034,454
7035,444
7036,439
7037,417
7038,488
7039,575
7040,738
7041,1240
7042,2002
7043,2655
7044,2683
7045,2713
7046,2676
7047,2634
7048,2656
7049,2637
7050,2650
7051,2654
7052,2595
7053,2304
7054,1507
7055,770
7056,660
7057,556
7058,528
7059,501
7060,488
7061,472
7062,569
7063,840
7064,1229
7065,1481
7066,2109
7067,2565
7068,2656
7069,2679
7070,2672
7071,2610
7072,2433
7073,2344
7074,2335
7075,2301
7076,2250
7077,2072
7078,1290
7079,587
7080,461
7081,420
7082,409
7083,407
7084,408
7085,391
7086,451
7087,642
7088,915
7089,1123
7090,1622
7091,2258
7092,2296
7093,2316
7094,2359
7095,2391
7096,2420
7097,2382
7098,2367
7099,2329
7100,2317
7101,2143
7102,1449
7103,794
7104,663
7105,594
7106,571
7107,564
7108,558
7109,543
7110,594
7111,688
7112,918
7113,1258
7114,1730
7115,2252
7116,2281
7117,2305
7118,2303
7119,2319
7120,2279
7121,2232
7122,2259
7123,2236
7124,2190
7125,2019
7126,1395
7127,858
7128,546
7129,479
7130,448
7131,444
7132,449
7133,437
7134,493
7135,699
7136,914
7137,1173
7138,1726
7139,2079
7140,2109
7141,2110
7142,2143
7143,2194
7144,2208
7145,2305
7146,2302
7147,2232
7148,2180
7149,1969
7150,1323
7151,673
7152,513
7153,484
7154,464
7155,433
7156,434
7157,415
7158,500
7159,693
7160,881
7161,1152
7162,1901
7163,2336
7164,2415
7165,2422
7166,2435
7167,2494
7168,2484
7169,2445
7170,2433
7171,2412
7172,2388
7173,2240
7174,1401
7175,686
7176,569
7177,500
7178,472
7179,459
7180,456
7181,424
7182,470
7183,654
7184,959
7185,1183
7186,1797
7187,2529
7188,2420
7189,2405
7190,2344
7191,2298
7192,2250
7193,2263
7194,2277
7195,2277
7196,2280
7197,2169
7198,1399
7199,700
7200,560
7201,489
7202,455
7203,447
7204,441
7205,431
7206,454
7207,497
7208,627
7209,1008
7210,1787
7211,2192
7212,2236
7213,2072
7214,2082
7215,2126
7216,2122
7217,2148
7218,2219
7219,2254
7220,2190
7221,1988
7222,1293
7223,714
7224,561
7225,486
7226,466
7227,450
7228,408
7229,418
7230,466
7231,623
7232,859
7233,1101
7234,1817
7235,2254
7236,2243
7237,2218
7238,2269
7239,2272
7240,2258
7241,2247
7242,2258
7243,2216
7244,2115
7245,1977
7246,1378
7247,833
7248,642
7249,599
7250,573
7251,532
7252,506
7253,440
7254,467
7255,649
7256,810
7257,946
7258,1438
7259,1899
7260,1917
7261,1944
7262,2128
7263,2194
7264,2207
7265,2178
7266,2155
7267,2144
7268,2099
7269,1965
7270,1307
7271,640
7272,517
7273,445
7274,428
7275,421
7276,414
7277,385
7278,466
7279,646
7280,827
7281,992
7282,1558
7283,2221
7284,2235
7285,2242
7286,2288
7287,2332
7288,2327
7289,2248
7290,2220
7291,2206
7292,2149
7293,1994
7294,1341
7295,691
7296,578
7297,541
7298,516
7299,503
7300,488
7301,469
7302,466
7303,680
7304,1022
7305,1386
7306,1990
7307,2462
7308,2487
7309,2465
7310,2433
7311,2446
7312,2440
7313,2381
7314,2376
7315,2366
7316,2292
7317,2140
7318,1427
7319,734
7320,562
7321,499
7322,459
7323,443
7324,429
7325,409
7326,482
7327,682
7328,872
7329,1237
7330,1987
7331,2478
7332,2506
7333,2590
7334,2630
7335,2624
7336,2585
7337,2566
7338,2484
7339,2430
7340,2366
7341,2236
7342,1539
7343,842
7344,702
7345,662
7346,630
7347,583
7348,537
7349,515
7350,592
7351,831
7352,1119
7353,1304
7354,1972
7355,2585
7356,2610
7357,2625
7358,2643
7359,2706
7360,2667
7361,2497
7362,2367
7363,2313
7364,2223
7365,2095
7366,1416
7367,715
7368,518
7369,457
7370,432
7371,409
7372,408
7373,389
7374,462
7375,574
7376,683
7377,1048
7378,1687
7379,2153
7380,2152
7381,2186
7382,2155
7383,2127
7384,2121
7385,2116
7386,2126
7387,2144
7388,2111
7389,1952
7390,1249
7391,655
7392,549
7393,469
7394,418
7395,400
7396,398
7397,381
7398,477
7399,691
7400,911
7401,1157
7402,1618
7403,2116
7404,2152
7405,2373
7406,2419
7407,2408
7408,2381
7409,2381
7410,2380
7411,2369
7412,2298
7413,2096
7414,1357
7415,641
7416,479
7417,432
7418,399
7419,413
7420,416
7421,395
7422,474
7423,570
7424,782
7425,1092
7426,1889
7427,2403
7428,2452
7429,2466
7430,2462
7431,2467
7432,2484
7433,2433
7434,2404
7435,2306
7436,2280
7437,2112
7438,1409
7439,698
7440,598
7441,498
7442,449
7443,432
7444,423
7445,396
7446,516
7447,666
7448,1002
7449,1475
7450,2180
7451,2569
7452,2579
7453,2555
7454,2633
7455,2642
7456,2608
7457,2575
7458,2558
7459,2514
7460,2465
7461,2238
7462,1321
7463,671
7464,542
7465,465
7466,431
7467,429
7468,421
7469,408
7470,474
7471,718
7472,1028
7473,1246
7474,1928
7475,2406
7476,2406
7477,2402
7478,2428
7479,2412
7480,2311
7481,2212
7482,2110
7483,2097
7484,2105
7485,1947
7486,1222
7487,710
7488,604
7489,522
7490,496
7491,485
7492,477
7493,462
7494,530
7495,699
7496,887
7497,1363
7498,2003
7499,2363
7500,2314
7501,2285
7502,2362
7503,2380
7504,2470
7505,2515
7506,2472
7507,2419
7508,2299
7509,2094
7510,1431
7511,751
7512,654
7513,562
7514,523
7515,508
7516,501
7517,475
7518,527
7519,767
7520,927
7521,1328
7522,1960
7523,2315
7524,2302
7525,2188
7526,2253
7527,2264
7528,2219
7529,2247
7530,2180
7531,2184
7532,2150
7533,2034
7534,1243
7535,694
7536,608
7537,547
7538,534
7539,526
7540,524
7541,505
7542,517
7543,587
7544,749
7545,1127
7546,1731
7547,2262
7548,2350
7549,2361
7550,2393
7551,2352
7552,2334
7553,2359
7554,2410
7555,2391
7556,2321
7557,2108
7558,1270
7559,714
7560,593
7561,542
7562,528
7563,506
7564,492
7565,478
7566,562
7567,780
7568,983
7569,1141
7570,1798
7571,2361
7572,2406
7573,2421
7574,2446
7575,2494
7576,2465
7577,2422
7578,2403
7579,2357
7580,2311
7581,2126
7582,1420
7583,712
7584,587
7585,538
7586,526
7587,515
7588,516
7589,494
7590,544
7591,757
7592,1013
7593,1231
7594,1846
7595,2520
7596,2561
7597,2582
7598,2602
7599,2594
7600,2598
7601,2551
7602,2557
7603,2533
7604,2442
7605,2236
7606,1315
7607,733
7608,603
7609,533
7610,471
7611,464
7612,456
7613,437
7614,560
7615,768
7616,986
7617,1165
7618,1611
7619,2051
7620,2142
7621,2121
7622,2114
7623,2140
7624,2143
7625,2121
7626,2101
7627,2124
7628,2090
7629,1932
7630,1302
7631,634
7632,549
7633,497
7634,467
7635,463
7636,463
7637,446
7638,489
7639,662
7640,852
7641,1123
7642,1702
7643,2121
7644,2144
7645,2054
7646,1954
7647,1954
7648,1961
7649,1940
7650,1952
7651,1943
7652,1872
7653,1757
7654,1154
7655,618
7656,492
7657,455
7658,443
7659,438
7660,435
7661,419
7662,497
7663,682
7664,789
7665,996
7666,1544
7667,2104
7668,2311
7669,2312
7670,2375
7671,2413
7672,2366
7673,2357
7674,2368
7675,2325
7676,2307
7677,2191
7678,1354
7679,666
7680,575
7681,504
7682,478
7683,473
7684,468
7685,406
7686,474
7687,538
7688,817
7689,1133
7690,1839
7691,2250
7692,2214
7693,2259
7694,2276
7695,2322
7696,2318
7697,2251
7698,2188
7699,2169
7700,2143
7701,2030
7702,1365
7703,722
7704,578
7705,532
7706,522
7707,489
7708,483
7709,466
7710,488
7711,541
7712,653
7713,1225
7714,1850
7715,2366
7716,2391
7717,2409
7718,2499
7719,2445
7720,2409
7721,2399
7722,2354
7723,2263
7724,2189
7725,1991
7726,1214
7727,631
7728,497
7729,450
7730,438
7731,424
7732,419
7733,396
7734,475
7735,662
7736,919
7737,1197
7738,1776
7739,2215
7740,2230
7741,2247
7742,2291
7743,2297
7744,2275
7745,2258
7746,2218
7747,2129
7748,2063
7749,1934
7750,1181
7751,631
7752,506
7753,465
7754,457
7755,444
7756,435
7757,415
7758,506
7759,678
7760,913
7761,1097
7762,1814
7763,2420
7764,2420
7765,2413
7766,2505
7767,2520
7768,2520
7769,2411
7770,2359
7771,2312
7772,2305
7773,2106
7774,1231
7775,653
7776,563
7777,513
7778,504
7779,484
7780,485
7781,460
7782,509
7783,680
7784,854
7785,1050
7786,1711
7787,2249
7788,2297
7789,2291
7790,2347
7791,2412
7792,2391
7793,2315
7794,2226
7795,2193
7796,2188
7797,2021
7798,1290
7799,695
7800,600
7801,519
7802,480
7803,475
7804,468
7805,438
7806,545
7807,717
7808,995
7809,1244
7810,1746
7811,2247
7812,2234
7813,2097
7814,2103
7815,2152
7816,2175
7817,2178
7818,2162
7819,2141
7820,2110
7821,1954
7822,1209
7823,596
7824,491
7825,451
7826,444
7827,448
7828,436
7829,409
7830,468
7831,691
7832,956
7833,1154
7834,1658
7835,2036
7836,2083
7837,2092
7838,2126
7839,2151
7840,2163
7841,2144
7842,2112
7843,2107
7844,2108
7845,1996
7846,1293
7847,616
7848,489
7849,438
7850,431
7851,420
7852,410
7853,397
7854,433
7855,619
7856,847
7857,1006
7858,1558
7859,2238
7860,2284
7861,2269
7862,2308
7863,2364
7864,2313
7865,2279
7866,2223
7867,2212
7868,2189
7869,2098
7870,1284
7871,667
7872,525
7873,467
7874,461
7875,451
7876,445
7877,422
7878,453
7879,527
7880,620
7881,1006
7882,1589
7883,2078
7884,2222
7885,2207
7886,2168
7887,2116
7888,2102
7889,2165
7890,2207
7891,2216
7892,2176
7893,1988
7894,1205
7895,668
7896,588
7897,552
7898,511
7899,491
7900,489
7901,460
7902,514
7903,675
7904,891
7905,1096
7906,1654
7907,2161
7908,2156
7909,2196
7910,2213
7911,2201
7912,2075
7913,2045
7914,2050
7915,2069
7916,2049
7917,1927
7918,1166
7919,620
7920,532
7921,496
7922,490
7923,480
7924,486
7925,475
7926,507
7927,651
7928,825
7929,1173
7930,1738
7931,2225
7932,2265
7933,2307
7934,2388
7935,2376
7936,2356
7937,2337
7938,2287
7939,2282
7940,2256
7941,2039
7942,1283
7943,653
7944,573
7945,541
7946,519
7947,523
7948,505
7949,481
7950,517
7951,677
7952,870
7953,1084
7954,1700
7955,2265
7956,2300
7957,2298
7958,2355
7959,2371
7960,2328
7961,2298
7962,2258
7963,2254
7964,2219
7965,2010
7966,1276
7967,643
7968,547
7969,491
7970,485
7971,452
7972,412
7973,394
7974,495
7975,711
7976,911
7977,1073
7978,1641
7979,2191
7980,2228
7981,2249
7982,2304
7983,2358
7984,2360
7985,2292
7986,2247
7987,2259
7988,2174
7989,1897
7990,1259
7991,792
7992,669
7993,643
7994,484
7995,467
7996,459
7997,405
7998,477
7999,681
8000,853
8001,985
8002,1690
8003,2027
8004,2216
8005,2255
8006,2297
8007,2314
8008,2264
8009,2246
8010,2201
8011,2202
8012,2216
8013,2163
8014,1807
8015,882
8016,560
8017,516
8018,437
8019,425
8020,420
8021,400
8022,456
8023,616
8024,817
8025,1038
8026,1970
8027,2315
8028,2391
8029,2430
8030,2401
8031,2354
8032,2393
8033,2381
8034,2271
8035,2248
8036,2207
8037,2171
8038,1786
8039,951
8040,551
8041,499
8042,495
8043,491
8044,478
8045,456
8046,479
8047,533
8048,742
8049,1073
8050,1804
8051,2265
8052,2276
8053,2309
8054,2408
8055,2422
8056,2428
8057,2436
8058,2411
8059,2394
8060,2371
8061,2219
8062,1469
8063,720
8064,568
8065,538
8066,517
8067,510
8068,505
8069,488
8070,538
8071,741
8072,1005
8073,1390
8074,1994
8075,2512
8076,2555
8077,2520
8078,2582
8079,2629
8080,2609
8081,2551
8082,2507
8083,2474
8084,2433
8085,2323
8086,1401
8087,699
8088,544
8089,505
8090,482
8091,469
8092,449
8093,420
8094,532
8095,795
8096,1202
8097,1534
8098,2103
8099,2591
8100,2637
8101,2659
8102,2558
8103,2565
8104,2620
8105,2613
8106,2547
8107,2477
8108,2400
8109,2225
8110,1273
8111,663
8112,573
8113,467
8114,432
8115,429
8116,426
8117,404
8118,514
8119,753
8120,1025
8121,1181
8122,1847
8123,2540
8124,2554
8125,2512
8126,2482
8127,2547
8128,2477
8129,2432
8130,2423
8131,2387
8132,2308
8133,2135
8134,1291
8135,607
8136,491
8137,453
8138,437
8139,434
8140,424
8141,409
8142,497
8143,748
8144,1043
8145,1201
8146,1717
8147,2277
8148,2333
8149,2353
8150,2393
8151,2461
8152,2484
8153,2473
8154,2304
8155,2207
8156,2139
8157,2002
8158,1191
8159,632
8160,494
8161,458
8162,447
8163,433
8164,420
8165,434
8166,510
8167,727
8168,965
8169,1157
8170,1829
8171,2210
8172,2244
8173,2314
8174,2392
8175,2426
8176,2358
8177,2356
8178,2259
8179,2228
8180,2205
8181,2106
8182,1292
8183,640
8184,565
8185,512
8186,464
8187,439
8188,430
8189,407
8190,462
8191,658
8192,866
8193,1029
8194,1671
8195,2092
8196,2181
8197,2227
8198,2284
8199,2349
8200,2346
8201,2355
8202,2340
8203,2358
8204,2323
8205,2203
8206,1522
8207,831
8208,677
8209,632
8210,604
8211,520
8212,479
8213,468
8214,481
8215,552
8216,857
8217,1091
8218,1619
8219,1989
8220,1913
8221,1932
8222,1991
8223,2017
8224,2053
8225,2053
8226,2074
8227,2078
8228,2078
8229,1999
8230,1279
8231,805
8232,610
8233,554
8234,525
8235,518
8236,520
8237,505
8238,534
8239,566
8240,775
8241,1204
8242,1901
8243,2074
8244,2133
8245,2256
8246,2330
8247,2304
8248,2329
8249,2317
8250,2257
8251,2249
8252,2225
8253,2142
8254,1300
8255,744
8256,604
8257,548
8258,521
8259,509
8260,499
8261,540
8262,583
8263,733
8264,925
8265,1096
8266,1584
8267,2067
8268,2061
8269,2135
8270,2225
8271,2244
8272,2197
8273,2197
8274,2158
8275,2154
8276,2127
8277,1984
8278,1212
8279,688
8280,593
8281,547
8282,531
8283,490
8284,482
8285,458
8286,537
8287,680
8288,887
8289,1097
8290,1707
8291,2078
8292,2062
8293,2120
8294,2228
8295,2213
8296,2205
8297,2195
8298,2138
8299,2126
8300,2101
8301,1940
8302,1250
8303,693
8304,556
8305,491
8306,487
8307,478
8308,478
8309,445
8310,527
8311,738
8312,976
8313,1321
8314,1955
8315,2356
8316,2356
8317,2359
8318,2333
8319,2425
8320,2363
8321,2291
8322,2259
8323,2212
8324,2197
8325,2089
8326,1259
8327,702
8328,568
8329,522
8330,507
8331,499
8332,495
8333,484
8334,570
8335,759
8336,995
8337,1287
8338,2125
8339,2339
8340,2363
8341,2386
8342,2451
8343,2464
8344,2494
8345,2481
8346,2423
8347,2392
8348,2327
8349,2227
8350,1836
8351,934
8352,520
8353,487
8354,480
8355,459
8356,456
8357,444
8358,509
8359,667
8360,899
8361,1161
8362,2176
8363,2410
8364,2517
8365,2497
8366,2593
8367,2603
8368,2607
8369,2576
8370,2491
8371,2468
8372,2438
8373,2341
8374,2008
8375,982
8376,596
8377,557
8378,539
8379,513
8380,529
8381,555
8382,526
8383,572
8384,785
8385,987
8386,1893
8387,2081
8388,2133
8389,2171
8390,2292
8391,2314
8392,2278
8393,2264
8394,2295
8395,2299
8396,2261
8397,2189
8398,1787
8399,930
8400,161
8401,246
8402,493
8403,489
8404,480
8405,461
8406,514
8407,691
8408,884
8409,1132
8410,1722
8411,2059
8412,2046
8413,2059
8414,2113
8415,2111
8416,2124
8417,2135
8418,2112
8419,2097
8420,2073
8421,2025
8422,1510
8423,852
8424,530
8425,483
8426,455
8427,447
8428,448
8429,424
8430,500
8431,689
8432,911
8433,1204
8434,1735
8435,2050
8436,2052
8437,2020
8438,2056
8439,2114
8440,2068
8441,2080
8442,2035
8443,2069
8444,2048
8445,1998
8446,1626
8447,948
8448,462
8449,324
8450,290
8451,285
8452,368
8453,430
8454,479
8455,667
8456,1109
8457,1578
8458,2101
8459,2227
8460,2237
8461,2223
8462,2310
8463,2329
8464,2327
8465,2290
8466,2229
8467,2233
8468,2213
8469,2123
8470,1723
8471,966
8472,573
8473,542
8474,487
8475,430
8476,424
8477,395
8478,473
8479,694
8480,982
8481,1224
8482,1990
8483,2300
8484,2340
8485,2336
8486,2399
8487,2407
8488,2355
8489,2237
8490,2185
8491,2153
8492,2128
8493,2058
8494,1750
8495,1003
8496,543
8497,451
8498,409
8499,406
8500,406
8501,381
8502,454
8503,637
8504,955
8505,1351
8506,1997
8507,2160
8508,2300
8509,2333
8510,2372
8511,2405
8512,2417
8513,2422
8514,2418
8515,2420
8516,2394
8517,2290
8518,1864
8519,1122
8520,695
8521,555
8522,500
8523,478
8524,477
8525,447
8526,518
8527,675
8528,1002
8529,1626
8530,2083
8531,2391
8532,2412
8533,2479
8534,2506
8535,2489
8536,2479
8537,2488
8538,2502
8539,2524
8540,2486
8541,2427
8542,2180
8543,1554
8544,777
8545,554
8546,509
8547,530
8548,487
8549,480
8550,486
8551,552
8552,1081
8553,1872
8554,2185
8555,2240
8556,2190
8557,2235
8558,2253
8559,2229
8560,2230
8561,2256
8562,2312
8563,2292
8564,2291
8565,2245
8566,2049
8567,1421
8568,777
8569,562
8570,517
8571,505
8572,492
8573,474
8574,514
8575,670
8576,1000
8577,1724
8578,2001
8579,2200
8580,2314
8581,2393
8582,2450
8583,2463
8584,2436
8585,2449
8586,2374
8587,2331
8588,2304
8589,2307
8590,2128
8591,1490
8592,735
8593,520
8594,427
8595,410
8596,400
8597,390
8598,486
8599,714
8600,1016
8601,1815
8602,2083
8603,2177
8604,2353
8605,2452
8606,2574
8607,2511
8608,2496
8609,2466
8610,2252
8611,2130
8612,1773
8613,1046
8614,567
8615,457
8616,416
8617,403
8618,405
8619,406
8620,401
8621,390
8622,439
8623,470
8624,486
8625,525
8626,618
8627,737
8628,1063
8629,1228
8630,1240
8631,1246
8632,1234
8633,1243
8634,1272
8635,1261
8636,1224
8637,1154
8638,926
8639,693
8640,643
8641,574
8642,564
8643,557
8644,549
8645,530
8646,561
8647,692
8648,919
8649,1122
8650,1712
8651,2158
8652,2269
8653,2372
8654,2364
8655,2351
8656,2258
8657,2230
8658,2197
8659,2162
8660,2139
8661,2026
8662,1218
8663,622
8664,532
8665,446
8666,414
8667,407
8668,405
8669,388
8670,459
8671,649
8672,814
8673,1074
8674,1955
8675,2169
8676,2204
8677,2238
8678,2293
8679,2318
8680,2314
8681,2337
8682,2314
8683,2294
8684,2258
8685,2229
8686,1505
8687,704
8688,599
8689,539
8690,497
8691,502
8692,494
8693,463
8694,529
8695,676
8696,898
8697,1169
8698,2053
8699,2233
8700,2259
8701,2293
8702,2335
8703,2320
8704,2344
8705,2344
8706,2367
8707,2328
8708,2331
8709,2293
8710,1573
8711,689
8712,537
8713,451
8714,429
8715,414
8716,407
8717,390
8718,448
8719,513
8720,704
8721,1048
8722,2078
8723,2229
8724,2260
8725,2369
8726,2371
8727,2231
8728,2198
8729,2215
8730,2256
8731,2270
8732,2291
8733,2210
8734,1353
8735,611
8736,472
8737,426
8738,415
8739,408
8740,408
8741,390
8742,489
8743,696
8744,888
8745,1118
8746,2011
8747,2137
8748,2187
8749,2245
8750,2276
8751,2279
8752,2239
8753,2286
8754,2361
8755,2351
8756,2330
8757,2278
8758,1589
8759,737
