Hour,PV_Generation_kW
0,0.00
1,0.00
2,0.00
3,0.00
4,0.00
5,348.84
6,593.02
7,929.09
8,1341.51
9,1785.16
10,2189.32
11,2474.50
12,2577.59
13,2474.50
14,2189.32
15,1785.16
16,1341.51
17,929.09
18,0.00
19,0.00
20,0.00
21,0.00
22,0.00
23,0.00
24,0.00
25,0.00
26,0.00
27,0.00
28,0.00
29,348.91
30,593.13
31,929.27
32,1341.77
33,1785.51
34,2189.75
35,2474.99
36,2578.10
37,2474.99
38,2189.75
39,1785.51
40,1341.77
41,929.27
42,0.00
43,0.00
44,0.00
45,0.00
46,0.00
47,0.00
48,0.00
49,0.00
50,0.00
51,0.00
52,0.00
53,348.98
54,593.26
55,929.47
56,1342.06
57,1785.89
58,2190.21
59,2475.52
60,2578.65
61,2475.52
62,2190.21
63,1785.89
64,1342.06
65,929.47
66,0.00
67,0.00
68,0.00
69,0.00
70,0.00
71,0.00
72,0.00
73,0.00
74,0.00
75,0.00
76,0.00
77,349.06
78,593.39
79,929.68
80,1342.36
81,1786.30
82,2190.71
83,2476.08
84,2579.23
85,2476.08
86,2190.71
87,1786.30
88,1342.36
89,929.68
90,0.00
91,0.00
92,0.00
93,0.00
94,0.00
95,0.00
96,0.00
97,0.00
98,0.00
99,0.00
100,0.00
101,349.15
102,593.54
103,929.90
104,1342.69
105,1786.73
106,2191.24
107,2476.68
108,2579.86
109,2476.68
110,2191.24
111,1786.73
112,1342.69
113,929.90
114,0.00
115,0.00
116,0.00
117,0.00
118,0.00
119,0.00
120,0.00
121,0.00
122,0.00
123,0.00
124,0.00
125,349.24
126,593.69
127,930.14
128,1343.03
129,1787.19
130,2191.81
131,2477.31
132,2580.52
133,2477.31
134,2191.81
135,1787.19
136,1343.03
137,930.14
138,0.00
139,0.00
140,0.00
141,0.00
142,0.00
143,0.00
144,0.00
145,0.00
146,0.00
147,0.00
148,0.00
149,349.33
150,593.85
151,930.40
152,1343.40
153,1787.68
154,2192.40
155,2477.99
156,2581.22
157,2477.99
158,2192.40
159,1787.68
160,1343.40
161,930.40
162,0.00
163,0.00
164,0.00
165,0.00
166,0.00
167,0.00
168,0.00
169,0.00
170,0.00
171,0.00
172,0.00
173,349.43
174,594.02
175,930.66
176,1343.78
177,1788.19
178,2193.03
179,2478.70
180,2581.96
181,2478.70
182,2193.03
183,1788.19
184,1343.78
185,930.66
186,0.00
187,0.00
188,0.00
189,0.00
190,0.00
191,0.00
192,0.00
193,0.00
194,0.00
195,0.00
196,0.00
197,349.54
198,594.20
199,930.94
200,1344.19
201,1788.73
202,2193.69
203,2479.45
204,2582.74
205,2479.45
206,2193.69
207,1788.73
208,1344.19
209,930.94
210,0.00
211,0.00
212,0.00
213,0.00
214,0.00
215,0.00
216,0.00
217,0.00
218,0.00
219,0.00
220,0.00
221,349.65
222,594.39
223,931.24
224,1344.61
225,1789.29
226,2194.38
227,2480.23
228,2583.56
229,2480.23
230,2194.38
231,1789.29
232,1344.61
233,931.24
234,0.00
235,0.00
236,0.00
237,0.00
238,0.00
239,0.00
240,0.00
241,0.00
242,0.00
243,0.00
244,0.00
245,349.76
246,594.59
247,931.54
248,1345.06
249,1789.88
250,2195.11
251,2481.05
252,2584.41
253,2481.05
254,2195.11
255,1789.88
256,1345.06
257,931.54
258,0.00
259,0.00
260,0.00
261,0.00
262,0.00
263,0.00
264,0.00
265,0.00
266,0.00
267,0.00
268,0.00
269,349.88
270,594.79
271,931.87
272,1345.52
273,1790.50
274,2195.87
275,2481.90
276,2585.30
277,2481.90
278,2195.87
279,1790.50
280,1345.52
281,931.87
282,0.00
283,0.00
284,0.00
285,0.00
286,0.00
287,0.00
288,0.00
289,0.00
290,0.00
291,0.00
292,0.00
293,350.01
294,595.00
295,932.20
296,1346.00
297,1791.14
298,2196.65
299,2482.79
300,2586.23
301,2482.79
302,2196.65
303,1791.14
304,1346.00
305,932.20
306,0.00
307,0.00
308,0.00
309,0.00
310,0.00
311,0.00
312,0.00
313,0.00
314,0.00
315,0.00
316,0.00
317,350.14
318,595.23
319,932.55
320,1346.50
321,1791.81
322,2197.47
323,2483.72
324,2587.19
325,2483.72
326,2197.47
327,1791.81
328,1346.50
329,932.55
330,0.00
331,0.00
332,0.00
333,0.00
334,0.00
335,0.00
336,0.00
337,0.00
338,0.00
339,0.00
340,0.00
341,350.27
342,595.46
343,932.91
344,1347.02
345,1792.50
346,2198.32
347,2484.68
348,2588.19
349,2484.68
350,2198.32
351,1792.50
352,1347.02
353,932.91
354,0.00
355,0.00
356,0.00
357,0.00
358,0.00
359,0.00
360,0.00
361,0.00
362,0.00
363,0.00
364,0.00
365,350.41
366,595.69
367,933.28
368,1347.56
369,1793.22
370,2199.20
371,2485.67
372,2589.23
373,2485.67
374,2199.20
375,1793.22
376,1347.56
377,933.28
378,0.00
379,0.00
380,0.00
381,0.00
382,0.00
383,0.00
384,0.00
385,0.00
386,0.00
387,0.00
388,0.00
389,350.56
390,595.94
391,933.67
392,1348.12
393,1793.96
394,2200.11
395,2486.70
396,2590.30
397,2486.70
398,2200.11
399,1793.96
400,1348.12
401,933.67
402,0.00
403,0.00
404,0.00
405,0.00
406,0.00
407,0.00
408,0.00
409,0.00
410,0.00
411,0.00
412,0.00
413,350.71
414,596.20
415,934.07
416,1348.70
417,1794.73
418,2201.05
419,2487.77
420,2591.41
421,2487.77
422,2201.05
423,1794.73
424,1348.70
425,934.07
426,0.00
427,0.00
428,0.00
429,0.00
430,0.00
431,0.00
432,0.00
433,0.00
434,0.00
435,0.00
436,0.00
437,350.86
438,596.46
439,934.48
440,1349.29
441,1795.52
442,2202.02
443,2488.86
444,2592.55
445,2488.86
446,2202.02
447,1795.52
448,1349.29
449,934.48
450,0.00
451,0.00
452,0.00
453,0.00
454,0.00
455,0.00
456,0.00
457,0.00
458,0.00
459,0.00
460,0.00
461,351.02
462,596.73
463,934.90
464,1349.91
465,1796.34
466,2203.02
467,2489.99
468,2593.73
469,2489.99
470,2203.02
471,1796.34
472,1349.91
473,934.90
474,0.00
475,0.00
476,0.00
477,0.00
478,0.00
479,0.00
480,0.00
481,0.00
482,0.00
483,0.00
484,0.00
485,351.19
486,597.01
487,935.34
488,1350.54
489,1797.18
490,2204.05
491,2491.16
492,2594.94
493,2491.16
494,2204.05
495,1797.18
496,1350.54
497,935.34
498,0.00
499,0.00
500,0.00
501,0.00
502,0.00
503,0.00
504,0.00
505,0.00
506,0.00
507,0.00
508,0.00
509,351.36
510,597.30
511,935.79
512,1351.19
513,1798.04
514,2205.11
515,2492.35
516,2596.19
517,2492.35
518,2205.11
519,1798.04
520,1351.19
521,935.79
522,0.00
523,0.00
524,0.00
525,0.00
526,0.00
527,0.00
528,0.00
529,0.00
530,0.00
531,0.00
532,0.00
533,351.53
534,597.59
535,936.25
536,1351.85
537,1798.93
538,2206.20
539,2493.58
540,2597.47
541,2493.58
542,2206.20
543,1798.93
544,1351.85
545,936.25
546,0.00
547,0.00
548,0.00
549,0.00
550,0.00
551,0.00
552,0.00
553,0.00
554,0.00
555,0.00
556,0.00
557,351.71
558,597.89
559,936.73
560,1352.54
561,1799.84
562,2207.32
563,2494.84
564,2598.78
565,2494.84
566,2207.32
567,1799.84
568,1352.54
569,936.73
570,0.00
571,0.00
572,0.00
573,0.00
574,0.00
575,0.00
576,0.00
577,0.00
578,0.00
579,0.00
580,0.00
581,351.89
582,598.20
583,937.21
584,1353.24
585,1800.77
586,2208.46
587,2496.14
588,2600.13
589,2496.14
590,2208.46
591,1800.77
592,1353.24
593,937.21
594,0.00
595,0.00
596,0.00
597,0.00
598,0.00
599,0.00
600,0.00
601,0.00
602,0.00
603,0.00
604,0.00
605,352.08
606,598.52
607,937.71
608,1353.95
609,1801.72
610,2209.63
611,2497.46
612,2601.51
613,2497.46
614,2209.63
615,1801.72
616,1353.95
617,937.71
618,0.00
619,0.00
620,0.00
621,0.00
622,0.00
623,0.00
624,0.00
625,0.00
626,0.00
627,0.00
628,0.00
629,352.27
630,598.84
631,938.22
632,1354.69
633,1802.70
634,2210.83
635,2498.82
636,2602.92
637,2498.82
638,2210.83
639,1802.70
640,1354.69
641,938.22
642,0.00
643,0.00
644,0.00
645,0.00
646,0.00
647,0.00
648,0.00
649,0.00
650,0.00
651,0.00
652,0.00
653,352.46
654,599.18
655,938.74
656,1355.44
657,1803.70
658,2212.06
659,2500.20
660,2604.36
661,2500.20
662,2212.06
663,1803.70
664,1355.44
665,938.74
666,0.00
667,0.00
668,0.00
669,0.00
670,0.00
671,0.00
672,0.00
673,0.00
674,0.00
675,0.00
676,0.00
677,352.66
678,599.52
679,939.27
680,1356.21
681,1804.72
682,2213.31
683,2501.62
684,2605.84
685,2501.62
686,2213.31
687,1804.72
688,1356.21
689,939.27
690,0.00
691,0.00
692,0.00
693,0.00
694,0.00
695,0.00
696,0.00
697,0.00
698,0.00
699,0.00
700,0.00
701,352.87
702,599.86
703,939.81
704,1356.99
705,1805.76
706,2214.59
707,2503.06
708,2607.34
709,2503.06
710,2214.59
711,1805.76
712,1356.99
713,939.81
714,0.00
715,0.00
716,0.00
717,0.00
718,0.00
719,0.00
720,0.00
721,0.00
722,0.00
723,0.00
724,0.00
725,353.07
726,600.21
727,940.36
728,1357.79
729,1806.83
730,2215.89
731,2504.54
732,2608.88
733,2504.54
734,2215.89
735,1806.83
736,1357.79
737,940.36
738,0.00
739,0.00
740,0.00
741,0.00
742,0.00
743,0.00
744,0.00
745,0.00
746,0.00
747,0.00
748,0.00
749,353.29
750,600.57
751,940.93
752,1358.61
753,1807.91
754,2217.22
755,2506.04
756,2610.44
757,2506.04
758,2217.22
759,1807.91
760,1358.61
761,940.93
762,0.00
763,0.00
764,0.00
765,0.00
766,0.00
767,0.00
768,0.00
769,0.00
770,0.00
771,0.00
772,0.00
773,353.50
774,600.94
775,941.50
776,1359.44
777,1809.02
778,2218.58
779,2507.57
780,2612.04
781,2507.57
782,2218.58
783,1809.02
784,1359.44
785,941.50
786,0.00
787,0.00
788,0.00
789,0.00
790,0.00
791,0.00
792,0.00
793,0.00
794,0.00
795,0.00
796,0.00
797,353.72
798,601.32
799,942.09
800,1360.28
801,1810.14
802,2219.96
803,2509.13
804,2613.66
805,2509.13
806,2219.96
807,1810.14
808,1360.28
809,942.09
810,0.00
811,0.00
812,0.00
813,0.00
814,0.00
815,0.00
816,0.00
817,0.00
818,0.00
819,0.00
820,0.00
821,353.94
822,601.70
823,942.68
824,1361.14
825,1811.29
826,2221.36
827,2510.72
828,2615.32
829,2510.72
830,2221.36
831,1811.29
832,1361.14
833,942.68
834,0.00
835,0.00
836,0.00
837,0.00
838,0.00
839,0.00
840,0.00
841,0.00
842,0.00
843,0.00
844,0.00
845,354.17
846,602.08
847,943.29
848,1362.02
849,1812.45
850,2222.79
851,2512.33
852,2617.00
853,2512.33
854,2222.79
855,1812.45
856,1362.02
857,943.29
858,0.00
859,0.00
860,0.00
861,0.00
862,0.00
863,0.00
864,0.00
865,0.00
866,0.00
867,0.00
868,0.00
869,354.40
870,602.48
871,943.91
872,1362.91
873,1813.63
874,2224.24
875,2513.97
876,2618.71
877,2513.97
878,2224.24
879,1813.63
880,1362.91
881,943.91
882,0.00
883,0.00
884,0.00
885,0.00
886,0.00
887,0.00
888,0.00
889,0.00
890,0.00
891,0.00
892,0.00
893,354.64
894,602.88
895,944.53
896,1363.81
897,1814.84
898,2225.71
899,2515.64
900,2620.44
901,2515.64
902,2225.71
903,1814.84
904,1363.81
905,944.53
906,0.00
907,0.00
908,0.00
909,0.00
910,0.00
911,0.00
912,0.00
913,0.00
914,0.00
915,0.00
916,0.00
917,354.88
918,603.28
919,945.17
920,1364.73
921,1816.06
922,2227.21
923,2517.33
924,2622.20
925,2517.33
926,2227.21
927,1816.06
928,1364.73
929,945.17
930,0.00
931,0.00
932,0.00
933,0.00
934,0.00
935,0.00
936,0.00
937,0.00
938,0.00
939,0.00
940,0.00
941,355.12
942,603.69
943,945.81
944,1365.66
945,1817.30
946,2228.73
947,2519.05
948,2623.99
949,2519.05
950,2228.73
951,1817.30
952,1365.66
953,945.81
954,0.00
955,0.00
956,0.00
957,0.00
958,0.00
959,0.00
960,0.00
961,0.00
962,0.00
963,0.00
964,0.00
965,355.36
966,604.11
967,946.47
968,1366.60
969,1818.55
970,2230.27
971,2520.79
972,2625.81
973,2520.79
974,2230.27
975,1818.55
976,1366.60
977,946.47
978,0.00
979,0.00
980,0.00
981,0.00
982,0.00
983,0.00
984,0.00
985,0.00
986,0.00
987,0.00
988,0.00
989,355.61
990,604.53
991,947.13
992,1367.56
993,1819.83
994,2231.83
995,2522.55
996,2627.64
997,2522.55
998,2231.83
999,1819.83
1000,1367.56
1001,947.13
1002,0.00
1003,0.00
1004,0.00
1005,0.00
1006,0.00
1007,0.00
1008,0.00
1009,0.00
1010,0.00
1011,0.00
1012,0.00
1013,355.87
1014,604.96
1015,947.80
1016,1368.53
1017,1821.12
1018,2233.41
1019,2524.34
1020,2629.51
1021,2524.34
1022,2233.41
1023,1821.12
1024,1368.53
1025,947.80
1026,0.00
1027,0.00
1028,0.00
1029,0.00
1030,0.00
1031,0.00
1032,0.00
1033,0.00
1034,0.00
1035,0.00
1036,0.00
1037,356.12
1038,605.40
1039,948.48
1040,1369.51
1041,1822.42
1042,2235.02
1043,2526.15
1044,2631.39
1045,2526.15
1046,2235.02
1047,1822.42
1048,1369.51
1049,948.48
1050,0.00
1051,0.00
1052,0.00
1053,0.00
1054,0.00
1055,0.00
1056,0.00
1057,0.00
1058,0.00
1059,0.00
1060,0.00
1061,356.38
1062,605.83
1063,949.17
1064,1370.50
1065,1823.75
1066,2236.64
1067,2527.99
1068,2633.30
1069,2527.99
1070,2236.64
1071,1823.75
1072,1370.50
1073,949.17
1074,0.00
1075,0.00
1076,0.00
1077,0.00
1078,0.00
1079,0.00
1080,0.00
1081,0.00
1082,0.00
1083,0.00
1084,0.00
1085,356.64
1086,606.28
1087,949.87
1088,1371.51
1089,1825.08
1090,2238.28
1091,2529.84
1092,2635.24
1093,2529.84
1094,2238.28
1095,1825.08
1096,1371.51
1097,949.87
1098,0.00
1099,0.00
1100,0.00
1101,0.00
1102,0.00
1103,0.00
1104,0.00
1105,0.00
1106,0.00
1107,0.00
1108,0.00
1109,356.91
1110,606.73
1111,950.57
1112,1372.53
1113,1826.44
1114,2239.94
1115,2531.72
1116,2637.19
1117,2531.72
1118,2239.94
1119,1826.44
1120,1372.53
1121,950.57
1122,0.00
1123,0.00
1124,0.00
1125,0.00
1126,0.00
1127,0.00
1128,0.00
1129,0.00
1130,0.00
1131,0.00
1132,0.00
1133,357.17
1134,607.18
1135,951.28
1136,1373.56
1137,1827.81
1138,2241.62
1139,2533.62
1140,2639.17
1141,2533.62
1142,2241.62
1143,1827.81
1144,1373.56
1145,951.28
1146,0.00
1147,0.00
1148,0.00
1149,0.00
1150,0.00
1151,0.00
1152,0.00
1153,0.00
1154,0.00
1155,0.00
1156,0.00
1157,357.44
1158,607.64
1159,952.00
1160,1374.60
1161,1829.19
1162,2243.32
1163,2535.54
1164,2641.17
1165,2535.54
1166,2243.32
1167,1829.19
1168,1374.60
1169,952.00
1170,0.00
1171,0.00
1172,0.00
1173,0.00
1174,0.00
1175,0.00
1176,0.00
1177,0.00
1178,0.00
1179,0.00
1180,0.00
1181,357.72
1182,608.11
1183,952.73
1184,1375.65
1185,1830.59
1186,2245.03
1187,2537.47
1188,2643.19
1189,2537.47
1190,2245.03
1191,1830.59
1192,1375.65
1193,952.73
1194,0.00
1195,0.00
1196,0.00
1197,0.00
1198,0.00
1199,0.00
1200,0.00
1201,0.00
1202,0.00
1203,0.00
1204,0.00
1205,357.99
1206,608.58
1207,953.47
1208,1376.71
1209,1832.00
1210,2246.76
1211,2539.43
1212,2645.22
1213,2539.43
1214,2246.76
1215,1832.00
1216,1376.71
1217,953.47
1218,0.00
1219,0.00
1220,0.00
1221,0.00
1222,0.00
1223,0.00
1224,0.00
1225,0.00
1226,0.00
1227,0.00
1228,0.00
1229,358.27
1230,609.05
1231,954.21
1232,1377.78
1233,1833.43
1234,2248.51
1235,2541.41
1236,2647.28
1237,2541.41
1238,2248.51
1239,1833.43
1240,1377.78
1241,954.21
1242,0.00
1243,0.00
1244,0.00
1245,0.00
1246,0.00
1247,0.00
1248,0.00
1249,0.00
1250,0.00
1251,0.00
1252,0.00
1253,358.55
1254,609.53
1255,954.96
1256,1378.86
1257,1834.86
1258,2250.27
1259,2543.40
1260,2649.36
1261,2543.40
1262,2250.27
1263,1834.86
1264,1378.86
1265,954.96
1266,0.00
1267,0.00
1268,0.00
1269,0.00
1270,0.00
1271,0.00
1272,0.00
1273,0.00
1274,0.00
1275,0.00
1276,0.00
1277,358.84
1278,610.01
1279,955.71
1280,1379.95
1281,1836.31
1282,2252.05
1283,2545.41
1284,2651.45
1285,2545.41
1286,2252.05
1287,1836.31
1288,1379.95
1289,955.71
1290,0.00
1291,0.00
1292,0.00
1293,0.00
1294,0.00
1295,0.00
1296,0.00
1297,0.00
1298,0.00
1299,0.00
1300,0.00
1301,359.12
1302,610.50
1303,956.47
1304,1381.05
1305,1837.78
1306,2253.85
1307,2547.44
1308,2653.56
1309,2547.44
1310,2253.85
1311,1837.78
1312,1381.05
1313,956.47
1314,0.00
1315,0.00
1316,0.00
1317,0.00
1318,0.00
1319,0.00
1320,0.00
1321,0.00
1322,0.00
1323,0.00
1324,0.00
1325,359.41
1326,610.99
1327,957.24
1328,1382.16
1329,1839.25
1330,2255.65
1331,2549.48
1332,2655.69
1333,2549.48
1334,2255.65
1335,1839.25
1336,1382.16
1337,957.24
1338,0.00
1339,0.00
1340,0.00
1341,0.00
1342,0.00
1343,0.00
1344,0.00
1345,0.00
1346,0.00
1347,0.00
1348,0.00
1349,359.70
1350,611.48
1351,958.01
1352,1383.27
1353,1840.74
1354,2257.48
1355,2551.54
1356,2657.84
1357,2551.54
1358,2257.48
1359,1840.74
1360,1383.27
1361,958.01
1362,0.00
1363,0.00
1364,0.00
1365,0.00
1366,0.00
1367,0.00
1368,0.00
1369,0.00
1370,0.00
1371,0.00
1372,0.00
1373,359.99
1374,611.98
1375,958.79
1376,1384.40
1377,1842.23
1378,2259.31
1379,2553.61
1380,2660.00
1381,2553.61
1382,2259.31
1383,1842.23
1384,1384.40
1385,958.79
1386,0.00
1387,0.00
1388,0.00
1389,0.00
1390,0.00
1391,0.00
1392,0.00
1393,0.00
1394,0.00
1395,0.00
1396,0.00
1397,360.29
1398,612.48
1399,959.57
1400,1385.53
1401,1843.74
1402,2261.16
1403,2555.70
1404,2662.17
1405,2555.70
1406,2261.16
1407,1843.74
1408,1385.53
1409,959.57
1410,0.00
1411,0.00
1412,0.00
1413,0.00
1414,0.00
1415,0.00
1416,0.00
1417,0.00
1418,0.00
1419,0.00
1420,0.00
1421,360.58
1422,612.98
1423,960.36
1424,1386.67
1425,1845.25
1426,2263.02
1427,2557.80
1428,2664.36
1429,2557.80
1430,2263.02
1431,1845.25
1432,1386.67
1433,960.36
1434,0.00
1435,0.00
1436,0.00
1437,0.00
1438,0.00
1439,0.00
1440,0.00
1441,0.00
1442,0.00
1443,0.00
1444,0.00
1445,360.88
1446,613.49
1447,961.16
1448,1387.81
1449,1846.78
1450,2264.89
1451,2559.91
1452,2666.56
1453,2559.91
1454,2264.89
1455,1846.78
1456,1387.81
1457,961.16
1458,0.00
1459,0.00
1460,0.00
1461,0.00
1462,0.00
1463,0.00
1464,0.00
1465,0.00
1466,0.00
1467,0.00
1468,0.00
1469,361.18
1470,614.00
1471,961.95
1472,1388.97
1473,1848.31
1474,2266.77
1475,2562.04
1476,2668.78
1477,2562.04
1478,2266.77
1479,1848.31
1480,1388.97
1481,961.95
1482,0.00
1483,0.00
1484,0.00
1485,0.00
1486,0.00
1487,0.00
1488,0.00
1489,0.00
1490,0.00
1491,0.00
1492,0.00
1493,361.48
1494,614.51
1495,962.76
1496,1390.12
1497,1849.86
1498,2268.66
1499,2564.18
1500,2671.00
1501,2564.18
1502,2268.66
1503,1849.86
1504,1390.12
1505,962.76
1506,0.00
1507,0.00
1508,0.00
1509,0.00
1510,0.00
1511,0.00
1512,0.00
1513,0.00
1514,0.00
1515,0.00
1516,0.00
1517,361.78
1518,615.02
1519,963.56
1520,1391.29
1521,1851.41
1522,2270.56
1523,2566.33
1524,2673.24
1525,2566.33
1526,2270.56
1527,1851.41
1528,1391.29
1529,963.56
1530,0.00
1531,0.00
1532,0.00
1533,0.00
1534,0.00
1535,0.00
1536,0.00
1537,0.00
1538,0.00
1539,0.00
1540,0.00
1541,362.09
1542,615.54
1543,964.38
1544,1392.46
1545,1852.97
1546,2272.47
1547,2568.49
1548,2675.49
1549,2568.49
1550,2272.47
1551,1852.97
1552,1392.46
1553,964.38
1554,0.00
1555,0.00
1556,0.00
1557,0.00
1558,0.00
1559,0.00
1560,0.00
1561,0.00
1562,0.00
1563,0.00
1564,0.00
1565,362.39
1566,616.06
1567,965.19
1568,1393.64
1569,1854.53
1570,2274.39
1571,2570.66
1572,2677.75
1573,2570.66
1574,2274.39
1575,1854.53
1576,1393.64
1577,965.19
1578,0.00
1579,0.00
1580,0.00
1581,0.00
1582,0.00
1583,0.00
1584,0.00
1585,0.00
1586,0.00
1587,0.00
1588,0.00
1589,362.70
1590,616.58
1591,966.01
1592,1394.82
1593,1856.10
1594,2276.32
1595,2572.84
1596,2680.02
1597,2572.84
1598,2276.32
1599,1856.10
1600,1394.82
1601,966.01
1602,0.00
1603,0.00
1604,0.00
1605,0.00
1606,0.00
1607,0.00
1608,0.00
1609,0.00
1610,0.00
1611,0.00
1612,0.00
1613,363.01
1614,617.11
1615,966.83
1616,1396.00
1617,1857.68
1618,2278.26
1619,2575.03
1620,2682.30
1621,2575.03
1622,2278.26
1623,1857.68
1624,1396.00
1625,966.83
1626,0.00
1627,0.00
1628,0.00
1629,0.00
1630,0.00
1631,0.00
1632,0.00
1633,0.00
1634,0.00
1635,0.00
1636,0.00
1637,363.32
1638,617.63
1639,967.65
1640,1397.20
1641,1859.26
1642,2280.20
1643,2577.22
1644,2684.59
1645,2577.22
1646,2280.20
1647,1859.26
1648,1397.20
1649,967.65
1650,0.00
1651,0.00
1652,0.00
1653,0.00
1654,0.00
1655,0.00
1656,0.00
1657,0.00
1658,0.00
1659,0.00
1660,0.00
1661,363.63
1662,618.16
1663,968.48
1664,1398.39
1665,1860.85
1666,2282.15
1667,2579.42
1668,2686.88
1669,2579.42
1670,2282.15
1671,1860.85
1672,1398.39
1673,968.48
1674,0.00
1675,0.00
1676,0.00
1677,0.00
1678,0.00
1679,0.00
1680,0.00
1681,0.00
1682,0.00
1683,0.00
1684,0.00
1685,363.94
1686,618.69
1687,969.31
1688,1399.59
1689,1862.45
1690,2284.10
1691,2581.63
1692,2689.19
1693,2581.63
1694,2284.10
1695,1862.45
1696,1399.59
1697,969.31
1698,0.00
1699,0.00
1700,0.00
1701,0.00
1702,0.00
1703,0.00
1704,0.00
1705,0.00
1706,0.00
1707,0.00
1708,0.00
1709,364.25
1710,619.22
1711,970.14
1712,1400.79
1713,1864.05
1714,2286.06
1715,2583.85
1716,2691.49
1717,2583.85
1718,2286.06
1719,1864.05
1720,1400.79
1721,970.14
1722,0.00
1723,0.00
1724,0.00
1725,0.00
1726,0.00
1727,0.00
1728,0.00
1729,0.00
1730,0.00
1731,0.00
1732,0.00
1733,364.57
1734,619.75
1735,970.98
1736,1401.99
1737,1865.65
1738,2288.03
1739,2586.07
1740,2693.81
1741,2586.07
1742,2288.03
1743,1865.65
1744,1401.99
1745,970.98
1746,0.00
1747,0.00
1748,0.00
1749,0.00
1750,0.00
1751,0.00
1752,0.00
1753,0.00
1754,0.00
1755,0.00
1756,0.00
1757,364.88
1758,620.29
1759,971.81
1760,1403.20
1761,1867.25
1762,2290.00
1763,2588.29
1764,2696.12
1765,2588.29
1766,2290.00
1767,1867.25
1768,1403.20
1769,971.81
1770,0.00
1771,0.00
1772,0.00
1773,0.00
1774,0.00
1775,0.00
1776,0.00
1777,0.00
1778,0.00
1779,0.00
1780,0.00
1781,365.20
1782,620.82
1783,972.65
1784,1404.41
1785,1868.86
1786,2291.97
1787,2590.52
1788,2698.45
1789,2590.52
1790,2291.97
1791,1868.86
1792,1404.41
1793,972.65
1794,0.00
1795,0.00
1796,0.00
1797,0.00
1798,0.00
1799,0.00
1800,0.00
1801,0.00
1802,0.00
1803,0.00
1804,0.00
1805,365.51
1806,621.36
1807,973.49
1808,1405.62
1809,1870.47
1810,2293.94
1811,2592.76
1812,2700.77
1813,2592.76
1814,2293.94
1815,1870.47
1816,1405.62
1817,973.49
1818,0.00
1819,0.00
1820,0.00
1821,0.00
1822,0.00
1823,0.00
1824,0.00
1825,0.00
1826,0.00
1827,0.00
1828,0.00
1829,365.82
1830,621.89
1831,974.33
1832,1406.83
1833,1872.08
1834,2295.92
1835,2594.99
1836,2703.10
1837,2594.99
1838,2295.92
1839,1872.08
1840,1406.83
1841,974.33
1842,0.00
1843,0.00
1844,0.00
1845,0.00
1846,0.00
1847,0.00
1848,0.00
1849,0.00
1850,0.00
1851,0.00
1852,0.00
1853,366.14
1854,622.43
1855,975.17
1856,1408.04
1857,1873.70
1858,2297.90
1859,2597.23
1860,2705.43
1861,2597.23
1862,2297.90
1863,1873.70
1864,1408.04
1865,975.17
1866,0.00
1867,0.00
1868,0.00
1869,0.00
1870,0.00
1871,0.00
1872,0.00
1873,0.00
1874,0.00
1875,0.00
1876,0.00
1877,366.46
1878,622.97
1879,976.01
1880,1409.26
1881,1875.31
1882,2299.88
1883,2599.47
1884,2707.76
1885,2599.47
1886,2299.88
1887,1875.31
1888,1409.26
1889,976.01
1890,0.00
1891,0.00
1892,0.00
1893,0.00
1894,0.00
1895,0.00
1896,0.00
1897,0.00
1898,0.00
1899,0.00
1900,0.00
1901,366.77
1902,623.50
1903,976.85
1904,1410.47
1905,1876.93
1906,2301.86
1907,2601.71
1908,2710.10
1909,2601.71
1910,2301.86
1911,1876.93
1912,1410.47
1913,976.85
1914,0.00
1915,0.00
1916,0.00
1917,0.00
1918,0.00
1919,0.00
1920,0.00
1921,0.00
1922,0.00
1923,0.00
1924,0.00
1925,367.09
1926,624.04
1927,977.69
1928,1411.68
1929,1878.54
1930,2303.84
1931,2603.95
1932,2712.43
1933,2603.95
1934,2303.84
1935,1878.54
1936,1411.68
1937,977.69
1938,0.00
1939,0.00
1940,0.00
1941,0.00
1942,0.00
1943,0.00
1944,0.00
1945,0.00
1946,0.00
1947,0.00
1948,0.00
1949,367.40
1950,624.57
1951,978.53
1952,1412.90
1953,1880.16
1954,2305.82
1955,2606.18
1956,2714.76
1957,2606.18
1958,2305.82
1959,1880.16
1960,1412.90
1961,978.53
1962,0.00
1963,0.00
1964,0.00
1965,0.00
1966,0.00
1967,0.00
1968,0.00
1969,0.00
1970,0.00
1971,0.00
1972,0.00
1973,367.72
1974,625.11
1975,979.37
1976,1414.11
1977,1881.77
1978,2307.80
1979,2608.42
1980,2717.09
1981,2608.42
1982,2307.80
1983,1881.77
1984,1414.11
1985,979.37
1986,0.00
1987,0.00
1988,0.00
1989,0.00
1990,0.00
1991,0.00
1992,0.00
1993,0.00
1994,0.00
1995,0.00
1996,0.00
1997,368.03
1998,625.65
1999,980.21
2000,1415.32
2001,1883.39
2002,2309.78
2003,2610.66
2004,2719.42
2005,2610.66
2006,2309.78
2007,1883.39
2008,1415.32
2009,980.21
2010,0.00
2011,0.00
2012,0.00
2013,0.00
2014,0.00
2015,0.00
2016,0.00
2017,0.00
2018,0.00
2019,0.00
2020,0.00
2021,368.35
2022,626.18
2023,981.05
2024,1416.53
2025,1885.00
2026,2311.76
2027,2612.89
2028,2721.74
2029,2612.89
2030,2311.76
2031,1885.00
2032,1416.53
2033,981.05
2034,0.00
2035,0.00
2036,0.00
2037,0.00
2038,0.00
2039,0.00
2040,0.00
2041,0.00
2042,0.00
2043,0.00
2044,0.00
2045,368.66
2046,626.72
2047,981.88
2048,1417.74
2049,1886.60
2050,2313.73
2051,2615.12
2052,2724.07
2053,2615.12
2054,2313.73
2055,1886.60
2056,1417.74
2057,981.88
2058,0.00
2059,0.00
2060,0.00
2061,0.00
2062,0.00
2063,0.00
2064,0.00
2065,0.00
2066,0.00
2067,0.00
2068,0.00
2069,368.98
2070,627.25
2071,982.72
2072,1418.95
2073,1888.21
2074,2315.70
2075,2617.34
2076,2726.38
2077,2617.34
2078,2315.70
2079,1888.21
2080,1418.95
2081,982.72
2082,0.00
2083,0.00
2084,0.00
2085,0.00
2086,0.00
2087,0.00
2088,0.00
2089,0.00
2090,0.00
2091,0.00
2092,0.00
2093,369.29
2094,627.78
2095,983.55
2096,1420.15
2097,1889.81
2098,2317.66
2099,2619.56
2100,2728.70
2101,2619.56
2102,2317.66
2103,1889.81
2104,1420.15
2105,983.55
2106,0.00
2107,0.00
2108,0.00
2109,0.00
2110,0.00
2111,0.00
2112,0.00
2113,0.00
2114,0.00
2115,0.00
2116,0.00
2117,369.60
2118,628.31
2119,984.38
2120,1421.35
2121,1891.41
2122,2319.62
2123,2621.78
2124,2731.01
2125,2621.78
2126,2319.62
2127,1891.41
2128,1421.35
2129,984.38
2130,0.00
2131,0.00
2132,0.00
2133,0.00
2134,0.00
2135,0.00
2136,0.00
2137,0.00
2138,0.00
2139,0.00
2140,0.00
2141,369.91
2142,628.84
2143,985.21
2144,1422.55
2145,1893.00
2146,2321.58
2147,2623.99
2148,2733.31
2149,2623.99
2150,2321.58
2151,1893.00
2152,1422.55
2153,985.21
2154,0.00
2155,0.00
2156,0.00
2157,0.00
2158,0.00
2159,0.00
2160,0.00
2161,0.00
2162,0.00
2163,0.00
2164,0.00
2165,370.22
2166,629.37
2167,986.04
2168,1423.74
2169,1894.59
2170,2323.53
2171,2626.19
2172,2735.60
2173,2626.19
2174,2323.53
2175,1894.59
2176,1423.74
2177,986.04
2178,0.00
2179,0.00
2180,0.00
2181,0.00
2182,0.00
2183,0.00
2184,0.00
2185,0.00
2186,0.00
2187,0.00
2188,0.00
2189,370.53
2190,629.90
2191,986.87
2192,1424.93
2193,1896.18
2194,2325.47
2195,2628.39
2196,2737.89
2197,2628.39
2198,2325.47
2199,1896.18
2200,1424.93
2201,986.87
2202,0.00
2203,0.00
2204,0.00
2205,0.00
2206,0.00
2207,0.00
2208,0.00
2209,0.00
2210,0.00
2211,0.00
2212,0.00
2213,370.84
2214,630.42
2215,987.69
2216,1426.12
2217,1897.76
2218,2327.40
2219,2630.58
2220,2740.17
2221,2630.58
2222,2327.40
2223,1897.76
2224,1426.12
2225,987.69
2226,0.00
2227,0.00
2228,0.00
2229,0.00
2230,0.00
2231,0.00
2232,0.00
2233,0.00
2234,0.00
2235,0.00
2236,0.00
2237,371.15
2238,630.94
2239,988.51
2240,1427.30
2241,1899.33
2242,2329.33
2243,2632.75
2244,2742.44
2245,2632.75
2246,2329.33
2247,1899.33
2248,1427.30
2249,988.51
2250,0.00
2251,0.00
2252,0.00
2253,0.00
2254,0.00
2255,0.00
2256,0.00
2257,0.00
2258,0.00
2259,0.00
2260,0.00
2261,371.45
2262,631.46
2263,989.32
2264,1428.48
2265,1900.89
2266,2331.25
2267,2634.92
2268,2744.70
2269,2634.92
2270,2331.25
2271,1900.89
2272,1428.48
2273,989.32
2274,0.00
2275,0.00
2276,0.00
2277,0.00
2278,0.00
2279,0.00
2280,0.00
2281,0.00
2282,0.00
2283,0.00
2284,0.00
2285,371.76
2286,631.98
2287,990.13
2288,1429.65
2289,1902.45
2290,2333.16
2291,2637.08
2292,2746.95
2293,2637.08
2294,2333.16
2295,1902.45
2296,1429.65
2297,990.13
2298,0.00
2299,0.00
2300,0.00
2301,0.00
2302,0.00
2303,0.00
2304,0.00
2305,0.00
2306,0.00
2307,0.00
2308,0.00
2309,372.06
2310,632.50
2311,990.94
2312,1430.81
2313,1904.00
2314,2335.06
2315,2639.23
2316,2749.19
2317,2639.23
2318,2335.06
2319,1904.00
2320,1430.81
2321,990.94
2322,0.00
2323,0.00
2324,0.00
2325,0.00
2326,0.00
2327,0.00
2328,0.00
2329,0.00
2330,0.00
2331,0.00
2332,0.00
2333,372.36
2334,633.01
2335,991.74
2336,1431.97
2337,1905.54
2338,2336.96
2339,2641.37
2340,2751.41
2341,2641.37
2342,2336.96
2343,1905.54
2344,1431.97
2345,991.74
2346,0.00
2347,0.00
2348,0.00
2349,0.00
2350,0.00
2351,0.00
2352,0.00
2353,0.00
2354,0.00
2355,0.00
2356,0.00
2357,372.66
2358,633.52
2359,992.54
2360,1433.13
2361,1907.08
2362,2338.84
2363,2643.50
2364,2753.63
2365,2643.50
2366,2338.84
2367,1907.08
2368,1433.13
2369,992.54
2370,0.00
2371,0.00
2372,0.00
2373,0.00
2374,0.00
2375,0.00
2376,0.00
2377,0.00
2378,0.00
2379,0.00
2380,0.00
2381,372.96
2382,634.02
2383,993.33
2384,1434.27
2385,1908.60
2386,2340.71
2387,2645.61
2388,2755.83
2389,2645.61
2390,2340.71
2391,1908.60
2392,1434.27
2393,993.33
2394,0.00
2395,0.00
2396,0.00
2397,0.00
2398,0.00
2399,0.00
2400,0.00
2401,0.00
2402,0.00
2403,0.00
2404,0.00
2405,373.26
2406,634.53
2407,994.12
2408,1435.41
2409,1910.12
2410,2342.57
2411,2647.71
2412,2758.02
2413,2647.71
2414,2342.57
2415,1910.12
2416,1435.41
2417,994.12
2418,0.00
2419,0.00
2420,0.00
2421,0.00
2422,0.00
2423,0.00
2424,0.00
2425,0.00
2426,0.00
2427,0.00
2428,0.00
2429,373.55
2430,635.03
2431,994.91
2432,1436.54
2433,1911.63
2434,2344.42
2435,2649.80
2436,2760.20
2437,2649.80
2438,2344.42
2439,1911.63
2440,1436.54
2441,994.91
2442,0.00
2443,0.00
2444,0.00
2445,0.00
2446,0.00
2447,0.00
2448,0.00
2449,0.00
2450,0.00
2451,0.00
2452,0.00
2453,373.84
2454,635.52
2455,995.68
2456,1437.67
2457,1913.12
2458,2346.25
2459,2651.88
2460,2762.35
2461,2651.88
2462,2346.25
2463,1913.12
2464,1437.67
2465,995.68
2466,0.00
2467,0.00
2468,0.00
2469,0.00
2470,0.00
2471,0.00
2472,0.00
2473,0.00
2474,0.00
2475,0.00
2476,0.00
2477,374.13
2478,636.02
2479,996.46
2480,1438.78
2481,1914.61
2482,2348.07
2483,2653.93
2484,2764.50
2485,2653.93
2486,2348.07
2487,1914.61
2488,1438.78
2489,996.46
2490,0.00
2491,0.00
2492,0.00
2493,0.00
2494,0.00
2495,0.00
2496,0.00
2497,0.00
2498,0.00
2499,0.00
2500,0.00
2501,374.42
2502,636.51
2503,997.22
2504,1439.89
2505,1916.08
2506,2349.88
2507,2655.98
2508,2766.63
2509,2655.98
2510,2349.88
2511,1916.08
2512,1439.89
2513,997.22
2514,0.00
2515,0.00
2516,0.00
2517,0.00
2518,0.00
2519,0.00
2520,0.00
2521,0.00
2522,0.00
2523,0.00
2524,0.00
2525,374.71
2526,636.99
2527,997.99
2528,1440.99
2529,1917.54
2530,2351.67
2531,2658.00
2532,2768.74
2533,2658.00
2534,2351.67
2535,1917.54
2536,1440.99
2537,997.99
2538,0.00
2539,0.00
2540,0.00
2541,0.00
2542,0.00
2543,0.00
2544,0.00
2545,0.00
2546,0.00
2547,0.00
2548,0.00
2549,374.99
2550,637.48
2551,998.74
2552,1442.08
2553,1918.99
2554,2353.45
2555,2660.01
2556,2770.83
2557,2660.01
2558,2353.45
2559,1918.99
2560,1442.08
2561,998.74
2562,0.00
2563,0.00
2564,0.00
2565,0.00
2566,0.00
2567,0.00
2568,0.00
2569,0.00
2570,0.00
2571,0.00
2572,0.00
2573,375.27
2574,637.95
2575,999.49
2576,1443.16
2577,1920.43
2578,2355.21
2579,2662.01
2580,2772.91
2581,2662.01
2582,2355.21
2583,1920.43
2584,1443.16
2585,999.49
2586,0.00
2587,0.00
2588,0.00
2589,0.00
2590,0.00
2591,0.00
2592,0.00
2593,0.00
2594,0.00
2595,0.00
2596,0.00
2597,375.55
2598,638.43
2599,1000.23
2600,1444.23
2601,1921.86
2602,2356.96
2603,2663.98
2604,2774.97
2605,2663.98
2606,2356.96
2607,1921.86
2608,1444.23
2609,1000.23
2610,0.00
2611,0.00
2612,0.00
2613,0.00
2614,0.00
2615,0.00
2616,0.00
2617,0.00
2618,0.00
2619,0.00
2620,0.00
2621,375.83
2622,638.90
2623,1000.97
2624,1445.29
2625,1923.27
2626,2358.69
2627,2665.94
2628,2777.00
2629,2665.94
2630,2358.69
2631,1923.27
2632,1445.29
2633,1000.97
2634,0.00
2635,0.00
2636,0.00
2637,0.00
2638,0.00
2639,0.00
2640,0.00
2641,0.00
2642,0.00
2643,0.00
2644,0.00
2645,376.10
2646,639.36
2647,1001.69
2648,1446.34
2649,1924.67
2650,2360.41
2651,2667.88
2652,2779.02
2653,2667.88
2654,2360.41
2655,1924.67
2656,1446.34
2657,1001.69
2658,0.00
2659,0.00
2660,0.00
2661,0.00
2662,0.00
2663,0.00
2664,0.00
2665,0.00
2666,0.00
2667,0.00
2668,0.00
2669,376.37
2670,639.82
2671,1002.41
2672,1447.38
2673,1926.05
2674,2362.10
2675,2669.80
2676,2781.02
2677,2669.80
2678,2362.10
2679,1926.05
2680,1447.38
2681,1002.41
2682,0.00
2683,0.00
2684,0.00
2685,0.00
2686,0.00
2687,0.00
2688,0.00
2689,0.00
2690,0.00
2691,0.00
2692,0.00
2693,376.64
2694,640.27
2695,1003.13
2696,1448.41
2697,1927.42
2698,2363.78
2699,2671.69
2700,2783.00
2701,2671.69
2702,2363.78
2703,1927.42
2704,1448.41
2705,1003.13
2706,0.00
2707,0.00
2708,0.00
2709,0.00
2710,0.00
2711,0.00
2712,0.00
2713,0.00
2714,0.00
2715,0.00
2716,0.00
2717,376.90
2718,640.72
2719,1003.83
2720,1449.43
2721,1928.77
2722,2365.44
2723,2673.57
2724,2784.95
2725,2673.57
2726,2365.44
2727,1928.77
2728,1449.43
2729,1003.83
2730,0.00
2731,0.00
2732,0.00
2733,0.00
2734,0.00
2735,0.00
2736,0.00
2737,0.00
2738,0.00
2739,0.00
2740,0.00
2741,377.16
2742,641.17
2743,1004.53
2744,1450.44
2745,1930.11
2746,2367.09
2747,2675.43
2748,2786.89
2749,2675.43
2750,2367.09
2751,1930.11
2752,1450.44
2753,1004.53
2754,0.00
2755,0.00
2756,0.00
2757,0.00
2758,0.00
2759,0.00
2760,0.00
2761,0.00
2762,0.00
2763,0.00
2764,0.00
2765,377.42
2766,641.61
2767,1005.22
2768,1451.43
2769,1931.44
2770,2368.71
2771,2677.26
2772,2788.80
2773,2677.26
2774,2368.71
2775,1931.44
2776,1451.43
2777,1005.22
2778,0.00
2779,0.00
2780,0.00
2781,0.00
2782,0.00
2783,0.00
2784,0.00
2785,0.00
2786,0.00
2787,0.00
2788,0.00
2789,377.68
2790,642.04
2791,1005.90
2792,1452.41
2793,1932.74
2794,2370.31
2795,2679.07
2796,2790.68
2797,2679.07
2798,2370.31
2799,1932.74
2800,1452.41
2801,1005.90
2802,0.00
2803,0.00
2804,0.00
2805,0.00
2806,0.00
2807,0.00
2808,0.00
2809,0.00
2810,0.00
2811,0.00
2812,0.00
2813,377.93
2814,642.47
2815,1006.57
2816,1453.38
2817,1934.03
2818,2371.89
2819,2680.86
2820,2792.55
2821,2680.86
2822,2371.89
2823,1934.03
2824,1453.38
2825,1006.57
2826,0.00
2827,0.00
2828,0.00
2829,0.00
2830,0.00
2831,0.00
2832,0.00
2833,0.00
2834,0.00
2835,0.00
2836,0.00
2837,378.18
2838,642.89
2839,1007.23
2840,1454.34
2841,1935.31
2842,2373.46
2843,2682.63
2844,2794.39
2845,2682.63
2846,2373.46
2847,1935.31
2848,1454.34
2849,1007.23
2850,0.00
2851,0.00
2852,0.00
2853,0.00
2854,0.00
2855,0.00
2856,0.00
2857,0.00
2858,0.00
2859,0.00
2860,0.00
2861,378.42
2862,643.31
2863,1007.88
2864,1455.28
2865,1936.56
2866,2375.00
2867,2684.37
2868,2796.20
2869,2684.37
2870,2375.00
2871,1936.56
2872,1455.28
2873,1007.88
2874,0.00
2875,0.00
2876,0.00
2877,0.00
2878,0.00
2879,0.00
2880,0.00
2881,0.00
2882,0.00
2883,0.00
2884,0.00
2885,378.67
2886,643.72
2887,1008.53
2888,1456.21
2889,1937.80
2890,2376.52
2891,2686.08
2892,2797.99
2893,2686.08
2894,2376.52
2895,1937.80
2896,1456.21
2897,1008.53
2898,0.00
2899,0.00
2900,0.00
2901,0.00
2902,0.00
2903,0.00
2904,0.00
2905,0.00
2906,0.00
2907,0.00
2908,0.00
2909,378.90
2910,644.13
2911,1009.16
2912,1457.13
2913,1939.02
2914,2378.01
2915,2687.78
2916,2799.75
2917,2687.78
2918,2378.01
2919,1939.02
2920,1457.13
2921,1009.16
2922,0.00
2923,0.00
2924,0.00
2925,0.00
2926,0.00
2927,0.00
2928,0.00
2929,0.00
2930,0.00
2931,0.00
2932,0.00
2933,379.14
2934,644.53
2935,1009.79
2936,1458.03
2937,1940.22
2938,2379.49
2939,2689.44
2940,2801.49
2941,2689.44
2942,2379.49
2943,1940.22
2944,1458.03
2945,1009.79
2946,0.00
2947,0.00
2948,0.00
2949,0.00
2950,0.00
2951,0.00
2952,0.00
2953,0.00
2954,0.00
2955,0.00
2956,0.00
2957,379.37
2958,644.92
2959,1010.41
2960,1458.92
2961,1941.41
2962,2380.94
2963,2691.08
2964,2803.19
2965,2691.08
2966,2380.94
2967,1941.41
2968,1458.92
2969,1010.41
2970,0.00
2971,0.00
2972,0.00
2973,0.00
2974,0.00
2975,0.00
2976,0.00
2977,0.00
2978,0.00
2979,0.00
2980,0.00
2981,379.60
2982,645.31
2983,1011.01
2984,1459.80
2985,1942.57
2986,2382.37
2987,2692.70
2988,2804.88
2989,2692.70
2990,2382.37
2991,1942.57
2992,1459.80
2993,1011.01
2994,0.00
2995,0.00
2996,0.00
2997,0.00
2998,0.00
2999,0.00
3000,0.00
3001,0.00
3002,0.00
3003,0.00
3004,0.00
3005,379.82
3006,645.69
3007,1011.61
3008,1460.66
3009,1943.72
3010,2383.77
3011,2694.28
3012,2806.53
3013,2694.28
3014,2383.77
3015,1943.72
3016,1460.66
3017,1011.61
3018,0.00
3019,0.00
3020,0.00
3021,0.00
3022,0.00
3023,0.00
3024,0.00
3025,0.00
3026,0.00
3027,0.00
3028,0.00
3029,380.04
3030,646.06
3031,1012.19
3032,1461.50
3033,1944.84
3034,2385.15
3035,2695.84
3036,2808.15
3037,2695.84
3038,2385.15
3039,1944.84
3040,1461.50
3041,1012.19
3042,0.00
3043,0.00
3044,0.00
3045,0.00
3046,0.00
3047,0.00
3048,0.00
3049,0.00
3050,0.00
3051,0.00
3052,0.00
3053,380.26
3054,646.43
3055,1012.77
3056,1462.33
3057,1945.95
3058,2386.50
3059,2697.37
3060,2809.75
3061,2697.37
3062,2386.50
3063,1945.95
3064,1462.33
3065,1012.77
3066,0.00
3067,0.00
3068,0.00
3069,0.00
3070,0.00
3071,0.00
3072,0.00
3073,0.00
3074,0.00
3075,0.00
3076,0.00
3077,380.47
3078,646.79
3079,1013.33
3080,1463.15
3081,1947.03
3082,2387.83
3083,2698.88
3084,2811.31
3085,2698.88
3086,2387.83
3087,1947.03
3088,1463.15
3089,1013.33
3090,0.00
3091,0.00
3092,0.00
3093,0.00
3094,0.00
3095,0.00
3096,0.00
3097,0.00
3098,0.00
3099,0.00
3100,0.00
3101,380.68
3102,647.14
3103,1013.89
3104,1463.95
3105,1948.09
3106,2389.14
3107,2700.35
3108,2812.85
3109,2700.35
3110,2389.14
3111,1948.09
3112,1463.95
3113,1013.89
3114,0.00
3115,0.00
3116,0.00
3117,0.00
3118,0.00
3119,0.00
3120,0.00
3121,0.00
3122,0.00
3123,0.00
3124,0.00
3125,380.88
3126,647.49
3127,1014.43
3128,1464.73
3129,1949.14
3130,2390.42
3131,2701.80
3132,2814.35
3133,2701.80
3134,2390.42
3135,1949.14
3136,1464.73
3137,1014.43
3138,0.00
3139,0.00
3140,0.00
3141,0.00
3142,0.00
3143,0.00
3144,0.00
3145,0.00
3146,0.00
3147,0.00
3148,0.00
3149,381.08
3150,647.83
3151,1014.96
3152,1465.50
3153,1950.16
3154,2391.67
3155,2703.21
3156,2815.83
3157,2703.21
3158,2391.67
3159,1950.16
3160,1465.50
3161,1014.96
3162,0.00
3163,0.00
3164,0.00
3165,0.00
3166,0.00
3167,0.00
3168,0.00
3169,0.00
3170,0.00
3171,0.00
3172,0.00
3173,381.28
3174,648.16
3175,1015.48
3176,1466.25
3177,1951.16
3178,2392.89
3179,2704.60
3180,2817.27
3181,2704.60
3182,2392.89
3183,1951.16
3184,1466.25
3185,1015.48
3186,0.00
3187,0.00
3188,0.00
3189,0.00
3190,0.00
3191,0.00
3192,0.00
3193,0.00
3194,0.00
3195,0.00
3196,0.00
3197,381.47
3198,648.48
3199,1015.99
3200,1466.98
3201,1952.13
3202,2394.09
3203,2705.95
3204,2818.68
3205,2705.95
3206,2394.09
3207,1952.13
3208,1466.98
3209,1015.99
3210,0.00
3211,0.00
3212,0.00
3213,0.00
3214,0.00
3215,0.00
3216,0.00
3217,0.00
3218,0.00
3219,0.00
3220,0.00
3221,381.65
3222,648.80
3223,1016.49
3224,1467.70
3225,1953.09
3226,2395.27
3227,2707.28
3228,2820.06
3229,2707.28
3230,2395.27
3231,1953.09
3232,1467.70
3233,1016.49
3234,0.00
3235,0.00
3236,0.00
3237,0.00
3238,0.00
3239,0.00
3240,0.00
3241,0.00
3242,0.00
3243,0.00
3244,0.00
3245,381.84
3246,649.11
3247,1016.97
3248,1468.40
3249,1954.02
3250,2396.41
3251,2708.57
3252,2821.41
3253,2708.57
3254,2396.41
3255,1954.02
3256,1468.40
3257,1016.97
3258,0.00
3259,0.00
3260,0.00
3261,0.00
3262,0.00
3263,0.00
3264,0.00
3265,0.00
3266,0.00
3267,0.00
3268,0.00
3269,382.01
3270,649.41
3271,1017.44
3272,1469.09
3273,1954.93
3274,2397.52
3275,2709.83
3276,2822.72
3277,2709.83
3278,2397.52
3279,1954.93
3280,1469.09
3281,1017.44
3282,0.00
3283,0.00
3284,0.00
3285,0.00
3286,0.00
3287,0.00
3288,0.00
3289,0.00
3290,0.00
3291,0.00
3292,0.00
3293,382.19
3294,649.71
3295,1017.91
3296,1469.75
3297,1955.82
3298,2398.61
3299,2711.06
3300,2824.00
3301,2711.06
3302,2398.61
3303,1955.82
3304,1469.75
3305,1017.91
3306,0.00
3307,0.00
3308,0.00
3309,0.00
3310,0.00
3311,0.00
3312,0.00
3313,0.00
3314,0.00
3315,0.00
3316,0.00
3317,382.36
3318,649.99
3319,1018.36
3320,1470.40
3321,1956.68
3322,2399.67
3323,2712.26
3324,2825.25
3325,2712.26
3326,2399.67
3327,1956.68
3328,1470.40
3329,1018.36
3330,0.00
3331,0.00
3332,0.00
3333,0.00
3334,0.00
3335,0.00
3336,0.00
3337,0.00
3338,0.00
3339,0.00
3340,0.00
3341,382.52
3342,650.27
3343,1018.79
3344,1471.03
3345,1957.52
3346,2400.70
3347,2713.42
3348,2826.46
3349,2713.42
3350,2400.70
3351,1957.52
3352,1471.03
3353,1018.79
3354,0.00
3355,0.00
3356,0.00
3357,0.00
3358,0.00
3359,0.00
3360,0.00
3361,0.00
3362,0.00
3363,0.00
3364,0.00
3365,382.68
3366,650.54
3367,1019.22
3368,1471.65
3369,1958.34
3370,2401.70
3371,2714.55
3372,2827.64
3373,2714.55
3374,2401.70
3375,1958.34
3376,1471.65
3377,1019.22
3378,0.00
3379,0.00
3380,0.00
3381,0.00
3382,0.00
3383,0.00
3384,0.00
3385,0.00
3386,0.00
3387,0.00
3388,0.00
3389,382.83
3390,650.81
3391,1019.63
3392,1472.24
3393,1959.13
3394,2402.67
3395,2715.65
3396,2828.78
3397,2715.65
3398,2402.67
3399,1959.13
3400,1472.24
3401,1019.63
3402,0.00
3403,0.00
3404,0.00
3405,0.00
3406,0.00
3407,0.00
3408,0.00
3409,0.00
3410,0.00
3411,0.00
3412,0.00
3413,382.98
3414,651.06
3415,1020.03
3416,1472.82
3417,1959.90
3418,2403.61
3419,2716.71
3420,2829.89
3421,2716.71
3422,2403.61
3423,1959.90
3424,1472.82
3425,1020.03
3426,0.00
3427,0.00
3428,0.00
3429,0.00
3430,0.00
3431,0.00
3432,0.00
3433,0.00
3434,0.00
3435,0.00
3436,0.00
3437,383.13
3438,651.31
3439,1020.41
3440,1473.38
3441,1960.64
3442,2404.52
3443,2717.74
3444,2830.96
3445,2717.74
3446,2404.52
3447,1960.64
3448,1473.38
3449,1020.41
3450,0.00
3451,0.00
3452,0.00
3453,0.00
3454,0.00
3455,0.00
3456,0.00
3457,0.00
3458,0.00
3459,0.00
3460,0.00
3461,383.27
3462,651.55
3463,1020.79
3464,1473.91
3465,1961.36
3466,2405.40
3467,2718.74
3468,2832.00
3469,2718.74
3470,2405.40
3471,1961.36
3472,1473.91
3473,1020.79
3474,0.00
3475,0.00
3476,0.00
3477,0.00
3478,0.00
3479,0.00
3480,0.00
3481,0.00
3482,0.00
3483,0.00
3484,0.00
3485,383.40
3486,651.78
3487,1021.15
3488,1474.44
3489,1962.05
3490,2406.25
3491,2719.70
3492,2833.00
3493,2719.70
3494,2406.25
3495,1962.05
3496,1474.44
3497,1021.15
3498,0.00
3499,0.00
3500,0.00
3501,0.00
3502,0.00
3503,0.00
3504,0.00
3505,0.00
3506,0.00
3507,0.00
3508,0.00
3509,383.54
3510,652.00
3511,1021.50
3512,1474.94
3513,1962.72
3514,2407.07
3515,2720.62
3516,2833.96
3517,2720.62
3518,2407.07
3519,1962.72
3520,1474.94
3521,1021.50
3522,0.00
3523,0.00
3524,0.00
3525,0.00
3526,0.00
3527,0.00
3528,0.00
3529,0.00
3530,0.00
3531,0.00
3532,0.00
3533,383.66
3534,652.21
3535,1021.83
3536,1475.42
3537,1963.36
3538,2407.86
3539,2721.51
3540,2834.89
3541,2721.51
3542,2407.86
3543,1963.36
3544,1475.42
3545,1021.83
3546,0.00
3547,0.00
3548,0.00
3549,0.00
3550,0.00
3551,0.00
3552,0.00
3553,0.00
3554,0.00
3555,0.00
3556,0.00
3557,383.78
3558,652.42
3559,1022.15
3560,1475.88
3561,1963.98
3562,2408.62
3563,2722.37
3564,2835.78
3565,2722.37
3566,2408.62
3567,1963.98
3568,1475.88
3569,1022.15
3570,0.00
3571,0.00
3572,0.00
3573,0.00
3574,0.00
3575,0.00
3576,0.00
3577,0.00
3578,0.00
3579,0.00
3580,0.00
3581,383.90
3582,652.61
3583,1022.46
3584,1476.33
3585,1964.57
3586,2409.34
3587,2723.19
3588,2836.63
3589,2723.19
3590,2409.34
3591,1964.57
3592,1476.33
3593,1022.46
3594,0.00
3595,0.00
3596,0.00
3597,0.00
3598,0.00
3599,0.00
3600,0.00
3601,0.00
3602,0.00
3603,0.00
3604,0.00
3605,384.01
3606,652.80
3607,1022.75
3608,1476.75
3609,1965.13
3610,2410.03
3611,2723.97
3612,2837.45
3613,2723.97
3614,2410.03
3615,1965.13
3616,1476.75
3617,1022.75
3618,0.00
3619,0.00
3620,0.00
3621,0.00
3622,0.00
3623,0.00
3624,0.00
3625,0.00
3626,0.00
3627,0.00
3628,0.00
3629,384.11
3630,652.98
3631,1023.03
3632,1477.16
3633,1965.67
3634,2410.69
3635,2724.71
3636,2838.23
3637,2724.71
3638,2410.69
3639,1965.67
3640,1477.16
3641,1023.03
3642,0.00
3643,0.00
3644,0.00
3645,0.00
3646,0.00
3647,0.00
3648,0.00
3649,0.00
3650,0.00
3651,0.00
3652,0.00
3653,384.21
3654,653.15
3655,1023.30
3656,1477.54
3657,1966.18
3658,2411.32
3659,2725.42
3660,2838.97
3661,2725.42
3662,2411.32
3663,1966.18
3664,1477.54
3665,1023.30
3666,0.00
3667,0.00
3668,0.00
3669,0.00
3670,0.00
3671,0.00
3672,0.00
3673,0.00
3674,0.00
3675,0.00
3676,0.00
3677,384.31
3678,653.31
3679,1023.55
3680,1477.91
3681,1966.67
3682,2411.92
3683,2726.10
3684,2839.67
3685,2726.10
3686,2411.92
3687,1966.67
3688,1477.91
3689,1023.55
3690,0.00
3691,0.00
3692,0.00
3693,0.00
3694,0.00
3695,0.00
3696,0.00
3697,0.00
3698,0.00
3699,0.00
3700,0.00
3701,384.40
3702,653.46
3703,1023.79
3704,1478.25
3705,1967.13
3706,2412.48
3707,2726.74
3708,2840.33
3709,2726.74
3710,2412.48
3711,1967.13
3712,1478.25
3713,1023.79
3714,0.00
3715,0.00
3716,0.00
3717,0.00
3718,0.00
3719,0.00
3720,0.00
3721,0.00
3722,0.00
3723,0.00
3724,0.00
3725,384.48
3726,653.61
3727,1024.02
3728,1478.58
3729,1967.56
3730,2413.01
3731,2727.34
3732,2840.96
3733,2727.34
3734,2413.01
3735,1967.56
3736,1478.58
3737,1024.02
3738,0.00
3739,0.00
3740,0.00
3741,0.00
3742,0.00
3743,0.00
3744,0.00
3745,0.00
3746,0.00
3747,0.00
3748,0.00
3749,384.56
3750,653.74
3751,1024.23
3752,1478.88
3753,1967.97
3754,2413.51
3755,2727.90
3756,2841.54
3757,2727.90
3758,2413.51
3759,1967.97
3760,1478.88
3761,1024.23
3762,0.00
3763,0.00
3764,0.00
3765,0.00
3766,0.00
3767,0.00
3768,0.00
3769,0.00
3770,0.00
3771,0.00
3772,0.00
3773,384.64
3774,653.87
3775,1024.43
3776,1479.17
3777,1968.34
3778,2413.97
3779,2728.42
3780,2842.09
3781,2728.42
3782,2413.97
3783,1968.34
3784,1479.17
3785,1024.43
3786,0.00
3787,0.00
3788,0.00
3789,0.00
3790,0.00
3791,0.00
3792,0.00
3793,0.00
3794,0.00
3795,0.00
3796,0.00
3797,384.70
3798,653.99
3799,1024.61
3800,1479.43
3801,1968.70
3802,2414.41
3803,2728.91
3804,2842.60
3805,2728.91
3806,2414.41
3807,1968.70
3808,1479.43
3809,1024.61
3810,0.00
3811,0.00
3812,0.00
3813,0.00
3814,0.00
3815,0.00
3816,0.00
3817,0.00
3818,0.00
3819,0.00
3820,0.00
3821,384.77
3822,654.09
3823,1024.78
3824,1479.67
3825,1969.02
3826,2414.80
3827,2729.36
3828,2843.07
3829,2729.36
3830,2414.80
3831,1969.02
3832,1479.67
3833,1024.78
3834,0.00
3835,0.00
3836,0.00
3837,0.00
3838,0.00
3839,0.00
3840,0.00
3841,0.00
3842,0.00
3843,0.00
3844,0.00
3845,384.83
3846,654.19
3847,1024.93
3848,1479.90
3849,1969.32
3850,2415.17
3851,2729.77
3852,2843.50
3853,2729.77
3854,2415.17
3855,1969.32
3856,1479.90
3857,1024.93
3858,0.00
3859,0.00
3860,0.00
3861,0.00
3862,0.00
3863,0.00
3864,0.00
3865,0.00
3866,0.00
3867,0.00
3868,0.00
3869,384.88
3870,654.28
3871,1025.07
3872,1480.10
3873,1969.59
3874,2415.50
3875,2730.15
3876,2843.89
3877,2730.15
3878,2415.50
3879,1969.59
3880,1480.10
3881,1025.07
3882,0.00
3883,0.00
3884,0.00
3885,0.00
3886,0.00
3887,0.00
3888,0.00
3889,0.00
3890,0.00
3891,0.00
3892,0.00
3893,384.93
3894,654.36
3895,1025.20
3896,1480.28
3897,1969.83
3898,2415.80
3899,2730.48
3900,2844.24
3901,2730.48
3902,2415.80
3903,1969.83
3904,1480.28
3905,1025.20
3906,0.00
3907,0.00
3908,0.00
3909,0.00
3910,0.00
3911,0.00
3912,0.00
3913,0.00
3914,0.00
3915,0.00
3916,0.00
3917,384.97
3918,654.43
3919,1025.31
3920,1480.44
3921,1970.05
3922,2416.06
3923,2730.78
3924,2844.55
3925,2730.78
3926,2416.06
3927,1970.05
3928,1480.44
3929,1025.31
3930,0.00
3931,0.00
3932,0.00
3933,0.00
3934,0.00
3935,0.00
3936,0.00
3937,0.00
3938,0.00
3939,0.00
3940,0.00
3941,385.00
3942,654.50
3943,1025.41
3944,1480.59
3945,1970.23
3946,2416.29
3947,2731.04
3948,2844.82
3949,2731.04
3950,2416.29
3951,1970.23
3952,1480.59
3953,1025.41
3954,0.00
3955,0.00
3956,0.00
3957,0.00
3958,0.00
3959,0.00
3960,0.00
3961,0.00
3962,0.00
3963,0.00
3964,0.00
3965,385.04
3966,654.55
3967,1025.49
3968,1480.71
3969,1970.39
3970,2416.49
3971,2731.26
3972,2845.05
3973,2731.26
3974,2416.49
3975,1970.39
3976,1480.71
3977,1025.49
3978,0.00
3979,0.00
3980,0.00
3981,0.00
3982,0.00
3983,0.00
3984,0.00
3985,0.00
3986,0.00
3987,0.00
3988,0.00
3989,385.06
3990,654.59
3991,1025.56
3992,1480.80
3993,1970.52
3994,2416.65
3995,2731.44
3996,2845.24
3997,2731.44
3998,2416.65
3999,1970.52
4000,1480.80
4001,1025.56
4002,0.00
4003,0.00
4004,0.00
4005,0.00
4006,0.00
4007,0.00
4008,0.00
4009,0.00
4010,0.00
4011,0.00
4012,0.00
4013,385.08
4014,654.63
4015,1025.61
4016,1480.88
4017,1970.63
4018,2416.78
4019,2731.59
4020,2845.39
4021,2731.59
4022,2416.78
4023,1970.63
4024,1480.88
4025,1025.61
4026,0.00
4027,0.00
4028,0.00
4029,0.00
4030,0.00
4031,0.00
4032,0.00
4033,0.00
4034,0.00
4035,0.00
4036,0.00
4037,385.10
4038,654.65
4039,1025.65
4040,1480.94
4041,1970.71
4042,2416.87
4043,2731.69
4044,2845.50
4045,2731.69
4046,2416.87
4047,1970.71
4048,1480.94
4049,1025.65
4050,0.00
4051,0.00
4052,0.00
4053,0.00
4054,0.00
4055,0.00
4056,0.00
4057,0.00
4058,0.00
4059,0.00
4060,0.00
4061,385.11
4062,654.67
4063,1025.68
4064,1480.98
4065,1970.75
4066,2416.93
4067,2731.76
4068,2845.57
4069,2731.76
4070,2416.93
4071,1970.75
4072,1480.98
4073,1025.68
4074,0.00
4075,0.00
4076,0.00
4077,0.00
4078,0.00
4079,0.00
4080,0.00
4081,0.00
4082,0.00
4083,0.00
4084,0.00
4085,385.11
4086,654.68
4087,1025.69
4088,1480.99
4089,1970.77
4090,2416.95
4091,2731.79
4092,2845.60
4093,2731.79
4094,2416.95
4095,1970.77
4096,1480.99
4097,1025.69
4098,0.00
4099,0.00
4100,0.00
4101,0.00
4102,0.00
4103,0.00
4104,0.00
4105,0.00
4106,0.00
4107,0.00
4108,0.00
4109,385.11
4110,654.67
4111,1025.69
4112,1480.99
4113,1970.77
4114,2416.95
4115,2731.78
4116,2845.59
4117,2731.78
4118,2416.95
4119,1970.77
4120,1480.99
4121,1025.69
4122,0.00
4123,0.00
4124,0.00
4125,0.00
4126,0.00
4127,0.00
4128,0.00
4129,0.00
4130,0.00
4131,0.00
4132,0.00
4133,385.10
4134,654.66
4135,1025.67
4136,1480.96
4137,1970.73
4138,2416.90
4139,2731.73
4140,2845.54
4141,2731.73
4142,2416.90
4143,1970.73
4144,1480.96
4145,1025.67
4146,0.00
4147,0.00
4148,0.00
4149,0.00
4150,0.00
4151,0.00
4152,0.00
4153,0.00
4154,0.00
4155,0.00
4156,0.00
4157,385.09
4158,654.64
4159,1025.64
4160,1480.91
4161,1970.67
4162,2416.83
4163,2731.65
4164,2845.45
4165,2731.65
4166,2416.83
4167,1970.67
4168,1480.91
4169,1025.64
4170,0.00
4171,0.00
4172,0.00
4173,0.00
4174,0.00
4175,0.00
4176,0.00
4177,0.00
4178,0.00
4179,0.00
4180,0.00
4181,385.07
4182,654.61
4183,1025.59
4184,1480.85
4185,1970.58
4186,2416.72
4187,2731.52
4188,2845.32
4189,2731.52
4190,2416.72
4191,1970.58
4192,1480.85
4193,1025.59
4194,0.00
4195,0.00
4196,0.00
4197,0.00
4198,0.00
4199,0.00
4200,0.00
4201,0.00
4202,0.00
4203,0.00
4204,0.00
4205,385.05
4206,654.57
4207,1025.53
4208,1480.76
4209,1970.46
4210,2416.57
4211,2731.36
4212,2845.15
4213,2731.36
4214,2416.57
4215,1970.46
4216,1480.76
4217,1025.53
4218,0.00
4219,0.00
4220,0.00
4221,0.00
4222,0.00
4223,0.00
4224,0.00
4225,0.00
4226,0.00
4227,0.00
4228,0.00
4229,385.02
4230,654.52
4231,1025.45
4232,1480.65
4233,1970.32
4234,2416.39
4235,2731.16
4236,2844.94
4237,2731.16
4238,2416.39
4239,1970.32
4240,1480.65
4241,1025.45
4242,0.00
4243,0.00
4244,0.00
4245,0.00
4246,0.00
4247,0.00
4248,0.00
4249,0.00
4250,0.00
4251,0.00
4252,0.00
4253,384.99
4254,654.47
4255,1025.36
4256,1480.52
4257,1970.14
4258,2416.18
4259,2730.91
4260,2844.69
4261,2730.91
4262,2416.18
4263,1970.14
4264,1480.52
4265,1025.36
4266,0.00
4267,0.00
4268,0.00
4269,0.00
4270,0.00
4271,0.00
4272,0.00
4273,0.00
4274,0.00
4275,0.00
4276,0.00
4277,384.95
4278,654.40
4279,1025.26
4280,1480.37
4281,1969.94
4282,2415.93
4283,2730.64
4284,2844.40
4285,2730.64
4286,2415.93
4287,1969.94
4288,1480.37
4289,1025.26
4290,0.00
4291,0.00
4292,0.00
4293,0.00
4294,0.00
4295,0.00
4296,0.00
4297,0.00
4298,0.00
4299,0.00
4300,0.00
4301,384.90
4302,654.32
4303,1025.14
4304,1480.19
4305,1969.71
4306,2415.65
4307,2730.32
4308,2844.07
4309,2730.32
4310,2415.65
4311,1969.71
4312,1480.19
4313,1025.14
4314,0.00
4315,0.00
4316,0.00
4317,0.00
4318,0.00
4319,0.00
4320,0.00
4321,0.00
4322,0.00
4323,0.00
4324,0.00
4325,384.85
4326,654.24
4327,1025.00
4328,1480.00
4329,1969.46
4330,2415.34
4331,2729.96
4332,2843.70
4333,2729.96
4334,2415.34
4335,1969.46
4336,1480.00
4337,1025.00
4338,0.00
4339,0.00
4340,0.00
4341,0.00
4342,0.00
4343,0.00
4344,0.00
4345,0.00
4346,0.00
4347,0.00
4348,0.00
4349,384.80
4350,654.14
4351,1024.86
4352,1479.79
4353,1969.17
4354,2414.99
4355,2729.57
4356,2843.29
4357,2729.57
4358,2414.99
4359,1969.17
4360,1479.79
4361,1024.86
4362,0.00
4363,0.00
4364,0.00
4365,0.00
4366,0.00
4367,0.00
4368,0.00
4369,0.00
4370,0.00
4371,0.00
4372,0.00
4373,384.74
4374,654.04
4375,1024.69
4376,1479.56
4377,1968.86
4378,2414.61
4379,2729.14
4380,2842.84
4381,2729.14
4382,2414.61
4383,1968.86
4384,1479.56
4385,1024.69
4386,0.00
4387,0.00
4388,0.00
4389,0.00
4390,0.00
4391,0.00
4392,0.00
4393,0.00
4394,0.00
4395,0.00
4396,0.00
4397,384.67
4398,653.93
4399,1024.52
4400,1479.30
4401,1968.52
4402,2414.19
4403,2728.67
4404,2842.35
4405,2728.67
4406,2414.19
4407,1968.52
4408,1479.30
4409,1024.52
4410,0.00
4411,0.00
4412,0.00
4413,0.00
4414,0.00
4415,0.00
4416,0.00
4417,0.00
4418,0.00
4419,0.00
4420,0.00
4421,384.60
4422,653.81
4423,1024.33
4424,1479.03
4425,1968.16
4426,2413.75
4427,2728.16
4428,2841.82
4429,2728.16
4430,2413.75
4431,1968.16
4432,1479.03
4433,1024.33
4434,0.00
4435,0.00
4436,0.00
4437,0.00
4438,0.00
4439,0.00
4440,0.00
4441,0.00
4442,0.00
4443,0.00
4444,0.00
4445,384.52
4446,653.68
4447,1024.12
4448,1478.73
4449,1967.77
4450,2413.27
4451,2727.62
4452,2841.26
4453,2727.62
4454,2413.27
4455,1967.77
4456,1478.73
4457,1024.12
4458,0.00
4459,0.00
4460,0.00
4461,0.00
4462,0.00
4463,0.00
4464,0.00
4465,0.00
4466,0.00
4467,0.00
4468,0.00
4469,384.44
4470,653.54
4471,1023.91
4472,1478.42
4473,1967.35
4474,2412.75
4475,2727.04
4476,2840.65
4477,2727.04
4478,2412.75
4479,1967.35
4480,1478.42
4481,1023.91
4482,0.00
4483,0.00
4484,0.00
4485,0.00
4486,0.00
4487,0.00
4488,0.00
4489,0.00
4490,0.00
4491,0.00
4492,0.00
4493,384.35
4494,653.39
4495,1023.67
4496,1478.08
4497,1966.90
4498,2412.20
4499,2726.42
4500,2840.01
4501,2726.42
4502,2412.20
4503,1966.90
4504,1478.08
4505,1023.67
4506,0.00
4507,0.00
4508,0.00
4509,0.00
4510,0.00
4511,0.00
4512,0.00
4513,0.00
4514,0.00
4515,0.00
4516,0.00
4517,384.26
4518,653.23
4519,1023.43
4520,1477.73
4521,1966.43
4522,2411.62
4523,2725.77
4524,2839.32
4525,2725.77
4526,2411.62
4527,1966.43
4528,1477.73
4529,1023.43
4530,0.00
4531,0.00
4532,0.00
4533,0.00
4534,0.00
4535,0.00
4536,0.00
4537,0.00
4538,0.00
4539,0.00
4540,0.00
4541,384.16
4542,653.07
4543,1023.17
4544,1477.35
4545,1965.93
4546,2411.01
4547,2725.07
4548,2838.60
4549,2725.07
4550,2411.01
4551,1965.93
4552,1477.35
4553,1023.17
4554,0.00
4555,0.00
4556,0.00
4557,0.00
4558,0.00
4559,0.00
4560,0.00
4561,0.00
4562,0.00
4563,0.00
4564,0.00
4565,384.06
4566,652.89
4567,1022.89
4568,1476.96
4569,1965.40
4570,2410.37
4571,2724.35
4572,2837.84
4573,2724.35
4574,2410.37
4575,1965.40
4576,1476.96
4577,1022.89
4578,0.00
4579,0.00
4580,0.00
4581,0.00
4582,0.00
4583,0.00
4584,0.00
4585,0.00
4586,0.00
4587,0.00
4588,0.00
4589,383.95
4590,652.71
4591,1022.61
4592,1476.54
4593,1964.85
4594,2409.69
4595,2723.58
4596,2837.05
4597,2723.58
4598,2409.69
4599,1964.85
4600,1476.54
4601,1022.61
4602,0.00
4603,0.00
4604,0.00
4605,0.00
4606,0.00
4607,0.00
4608,0.00
4609,0.00
4610,0.00
4611,0.00
4612,0.00
4613,383.84
4614,652.52
4615,1022.31
4616,1476.11
4617,1964.27
4618,2408.98
4619,2722.78
4620,2836.21
4621,2722.78
4622,2408.98
4623,1964.27
4624,1476.11
4625,1022.31
4626,0.00
4627,0.00
4628,0.00
4629,0.00
4630,0.00
4631,0.00
4632,0.00
4633,0.00
4634,0.00
4635,0.00
4636,0.00
4637,383.72
4638,652.32
4639,1021.99
4640,1475.65
4641,1963.67
4642,2408.24
4643,2721.94
4644,2835.34
4645,2721.94
4646,2408.24
4647,1963.67
4648,1475.65
4649,1021.99
4650,0.00
4651,0.00
4652,0.00
4653,0.00
4654,0.00
4655,0.00
4656,0.00
4657,0.00
4658,0.00
4659,0.00
4660,0.00
4661,383.60
4662,652.11
4663,1021.66
4664,1475.18
4665,1963.04
4666,2407.47
4667,2721.07
4668,2834.43
4669,2721.07
4670,2407.47
4671,1963.04
4672,1475.18
4673,1021.66
4674,0.00
4675,0.00
4676,0.00
4677,0.00
4678,0.00
4679,0.00
4680,0.00
4681,0.00
4682,0.00
4683,0.00
4684,0.00
4685,383.47
4686,651.89
4687,1021.32
4688,1474.69
4689,1962.39
4690,2406.67
4691,2720.16
4692,2833.49
4693,2720.16
4694,2406.67
4695,1962.39
4696,1474.69
4697,1021.32
4698,0.00
4699,0.00
4700,0.00
4701,0.00
4702,0.00
4703,0.00
4704,0.00
4705,0.00
4706,0.00
4707,0.00
4708,0.00
4709,383.34
4710,651.66
4711,1020.97
4712,1474.18
4713,1961.71
4714,2405.83
4715,2719.22
4716,2832.50
4717,2719.22
4718,2405.83
4719,1961.71
4720,1474.18
4721,1020.97
4722,0.00
4723,0.00
4724,0.00
4725,0.00
4726,0.00
4727,0.00
4728,0.00
4729,0.00
4730,0.00
4731,0.00
4732,0.00
4733,383.20
4734,651.43
4735,1020.60
4736,1473.65
4737,1961.00
4738,2404.97
4739,2718.24
4740,2831.49
4741,2718.24
4742,2404.97
4743,1961.00
4744,1473.65
4745,1020.60
4746,0.00
4747,0.00
4748,0.00
4749,0.00
4750,0.00
4751,0.00
4752,0.00
4753,0.00
4754,0.00
4755,0.00
4756,0.00
4757,383.06
4758,651.19
4759,1020.22
4760,1473.10
4761,1960.27
4762,2404.07
4763,2717.23
4764,2830.43
4765,2717.23
4766,2404.07
4767,1960.27
4768,1473.10
4769,1020.22
4770,0.00
4771,0.00
4772,0.00
4773,0.00
4774,0.00
4775,0.00
4776,0.00
4777,0.00
4778,0.00
4779,0.00
4780,0.00
4781,382.91
4782,650.94
4783,1019.83
4784,1472.53
4785,1959.52
4786,2403.15
4787,2716.18
4788,2829.34
4789,2716.18
4790,2403.15
4791,1959.52
4792,1472.53
4793,1019.83
4794,0.00
4795,0.00
4796,0.00
4797,0.00
4798,0.00
4799,0.00
4800,0.00
4801,0.00
4802,0.00
4803,0.00
4804,0.00
4805,382.76
4806,650.68
4807,1019.42
4808,1471.95
4809,1958.74
4810,2402.19
4811,2715.10
4812,2828.22
4813,2715.10
4814,2402.19
4815,1958.74
4816,1471.95
4817,1019.42
4818,0.00
4819,0.00
4820,0.00
4821,0.00
4822,0.00
4823,0.00
4824,0.00
4825,0.00
4826,0.00
4827,0.00
4828,0.00
4829,382.60
4830,650.41
4831,1019.01
4832,1471.34
4833,1957.93
4834,2401.20
4835,2713.99
4836,2827.06
4837,2713.99
4838,2401.20
4839,1957.93
4840,1471.34
4841,1019.01
4842,0.00
4843,0.00
4844,0.00
4845,0.00
4846,0.00
4847,0.00
4848,0.00
4849,0.00
4850,0.00
4851,0.00
4852,0.00
4853,382.44
4854,650.14
4855,1018.58
4856,1470.72
4857,1957.10
4858,2400.19
4859,2712.84
4860,2825.86
4861,2712.84
4862,2400.19
4863,1957.10
4864,1470.72
4865,1018.58
4866,0.00
4867,0.00
4868,0.00
4869,0.00
4870,0.00
4871,0.00
4872,0.00
4873,0.00
4874,0.00
4875,0.00
4876,0.00
4877,382.27
4878,649.85
4879,1018.13
4880,1470.08
4881,1956.25
4882,2399.14
4883,2711.66
4884,2824.63
4885,2711.66
4886,2399.14
4887,1956.25
4888,1470.08
4889,1018.13
4890,0.00
4891,0.00
4892,0.00
4893,0.00
4894,0.00
4895,0.00
4896,0.00
4897,0.00
4898,0.00
4899,0.00
4900,0.00
4901,382.10
4902,649.56
4903,1017.68
4904,1469.42
4905,1955.38
4906,2398.07
4907,2710.45
4908,2823.37
4909,2710.45
4910,2398.07
4911,1955.38
4912,1469.42
4913,1017.68
4914,0.00
4915,0.00
4916,0.00
4917,0.00
4918,0.00
4919,0.00
4920,0.00
4921,0.00
4922,0.00
4923,0.00
4924,0.00
4925,381.93
4926,649.26
4927,1017.21
4928,1468.75
4929,1954.48
4930,2396.97
4931,2709.20
4932,2822.07
4933,2709.20
4934,2396.97
4935,1954.48
4936,1468.75
4937,1017.21
4938,0.00
4939,0.00
4940,0.00
4941,0.00
4942,0.00
4943,0.00
4944,0.00
4945,0.00
4946,0.00
4947,0.00
4948,0.00
4949,381.75
4950,648.96
4951,1016.73
4952,1468.05
4953,1953.56
4954,2395.84
4955,2707.93
4956,2820.74
4957,2707.93
4958,2395.84
4959,1953.56
4960,1468.05
4961,1016.73
4962,0.00
4963,0.00
4964,0.00
4965,0.00
4966,0.00
4967,0.00
4968,0.00
4969,0.00
4970,0.00
4971,0.00
4972,0.00
4973,381.56
4974,648.64
4975,1016.24
4976,1467.35
4977,1952.61
4978,2394.68
4979,2706.62
4980,2819.38
4981,2706.62
4982,2394.68
4983,1952.61
4984,1467.35
4985,1016.24
4986,0.00
4987,0.00
4988,0.00
4989,0.00
4990,0.00
4991,0.00
4992,0.00
4993,0.00
4994,0.00
4995,0.00
4996,0.00
4997,381.37
4998,648.32
4999,1015.74
5000,1466.62
5001,1951.65
5002,2393.50
5003,2705.28
5004,2817.98
5005,2705.28
5006,2393.50
5007,1951.65
5008,1466.62
5009,1015.74
5010,0.00
5011,0.00
5012,0.00
5013,0.00
5014,0.00
5015,0.00
5016,0.00
5017,0.00
5018,0.00
5019,0.00
5020,0.00
5021,381.18
5022,647.99
5023,1015.22
5024,1465.88
5025,1950.66
5026,2392.29
5027,2703.91
5028,2816.55
5029,2703.91
5030,2392.29
5031,1950.66
5032,1465.88
5033,1015.22
5034,0.00
5035,0.00
5036,0.00
5037,0.00
5038,0.00
5039,0.00
5040,0.00
5041,0.00
5042,0.00
5043,0.00
5044,0.00
5045,380.98
5046,647.66
5047,1014.70
5048,1465.12
5049,1949.65
5050,2391.05
5051,2702.51
5052,2815.10
5053,2702.51
5054,2391.05
5055,1949.65
5056,1465.12
5057,1014.70
5058,0.00
5059,0.00
5060,0.00
5061,0.00
5062,0.00
5063,0.00
5064,0.00
5065,0.00
5066,0.00
5067,0.00
5068,0.00
5069,380.78
5070,647.32
5071,1014.16
5072,1464.34
5073,1948.62
5074,2389.78
5075,2701.08
5076,2813.61
5077,2701.08
5078,2389.78
5079,1948.62
5080,1464.34
5081,1014.16
5082,0.00
5083,0.00
5084,0.00
5085,0.00
5086,0.00
5087,0.00
5088,0.00
5089,0.00
5090,0.00
5091,0.00
5092,0.00
5093,380.57
5094,646.97
5095,1013.61
5096,1463.55
5097,1947.56
5098,2388.49
5099,2699.62
5100,2812.09
5101,2699.62
5102,2388.49
5103,1947.56
5104,1463.55
5105,1013.61
5106,0.00
5107,0.00
5108,0.00
5109,0.00
5110,0.00
5111,0.00
5112,0.00
5113,0.00
5114,0.00
5115,0.00
5116,0.00
5117,380.36
5118,646.61
5119,1013.05
5120,1462.74
5121,1946.49
5122,2387.17
5123,2698.13
5124,2810.53
5125,2698.13
5126,2387.17
5127,1946.49
5128,1462.74
5129,1013.05
5130,0.00
5131,0.00
5132,0.00
5133,0.00
5134,0.00
5135,0.00
5136,0.00
5137,0.00
5138,0.00
5139,0.00
5140,0.00
5141,380.15
5142,646.25
5143,1012.48
5144,1461.92
5145,1945.40
5146,2385.83
5147,2696.61
5148,2808.95
5149,2696.61
5150,2385.83
5151,1945.40
5152,1461.92
5153,1012.48
5154,0.00
5155,0.00
5156,0.00
5157,0.00
5158,0.00
5159,0.00
5160,0.00
5161,0.00
5162,0.00
5163,0.00
5164,0.00
5165,379.93
5166,645.88
5167,1011.90
5168,1461.08
5169,1944.28
5170,2384.46
5171,2695.07
5172,2807.34
5173,2695.07
5174,2384.46
5175,1944.28
5176,1461.08
5177,1011.90
5178,0.00
5179,0.00
5180,0.00
5181,0.00
5182,0.00
5183,0.00
5184,0.00
5185,0.00
5186,0.00
5187,0.00
5188,0.00
5189,379.71
5190,645.50
5191,1011.31
5192,1460.23
5193,1943.15
5194,2383.07
5195,2693.49
5196,2805.71
5197,2693.49
5198,2383.07
5199,1943.15
5200,1460.23
5201,1011.31
5202,0.00
5203,0.00
5204,0.00
5205,0.00
5206,0.00
5207,0.00
5208,0.00
5209,0.00
5210,0.00
5211,0.00
5212,0.00
5213,379.49
5214,645.11
5215,1010.71
5216,1459.36
5217,1941.99
5218,2381.65
5219,2691.89
5220,2804.04
5221,2691.89
5222,2381.65
5223,1941.99
5224,1459.36
5225,1010.71
5226,0.00
5227,0.00
5228,0.00
5229,0.00
5230,0.00
5231,0.00
5232,0.00
5233,0.00
5234,0.00
5235,0.00
5236,0.00
5237,379.26
5238,644.72
5239,1010.10
5240,1458.48
5241,1940.82
5242,2380.21
5243,2690.27
5244,2802.34
5245,2690.27
5246,2380.21
5247,1940.82
5248,1458.48
5249,1010.10
5250,0.00
5251,0.00
5252,0.00
5253,0.00
5254,0.00
5255,0.00
5256,0.00
5257,0.00
5258,0.00
5259,0.00
5260,0.00
5261,379.02
5262,644.33
5263,1009.48
5264,1457.58
5265,1939.62
5266,2378.75
5267,2688.61
5268,2800.62
5269,2688.61
5270,2378.75
5271,1939.62
5272,1457.58
5273,1009.48
5274,0.00
5275,0.00
5276,0.00
5277,0.00
5278,0.00
5279,0.00
5280,0.00
5281,0.00
5282,0.00
5283,0.00
5284,0.00
5285,378.79
5286,643.93
5287,1008.85
5288,1456.67
5289,1938.41
5290,2377.27
5291,2686.93
5292,2798.87
5293,2686.93
5294,2377.27
5295,1938.41
5296,1456.67
5297,1008.85
5298,0.00
5299,0.00
5300,0.00
5301,0.00
5302,0.00
5303,0.00
5304,0.00
5305,0.00
5306,0.00
5307,0.00
5308,0.00
5309,378.55
5310,643.52
5311,1008.21
5312,1455.75
5313,1937.18
5314,2375.76
5315,2685.23
5316,2797.10
5317,2685.23
5318,2375.76
5319,1937.18
5320,1455.75
5321,1008.21
5322,0.00
5323,0.00
5324,0.00
5325,0.00
5326,0.00
5327,0.00
5328,0.00
5329,0.00
5330,0.00
5331,0.00
5332,0.00
5333,378.30
5334,643.10
5335,1007.56
5336,1454.81
5337,1935.94
5338,2374.23
5339,2683.50
5340,2795.30
5341,2683.50
5342,2374.23
5343,1935.94
5344,1454.81
5345,1007.56
5346,0.00
5347,0.00
5348,0.00
5349,0.00
5350,0.00
5351,0.00
5352,0.00
5353,0.00
5354,0.00
5355,0.00
5356,0.00
5357,378.05
5358,642.68
5359,1006.90
5360,1453.86
5361,1934.67
5362,2372.68
5363,2681.75
5364,2793.47
5365,2681.75
5366,2372.68
5367,1934.67
5368,1453.86
5369,1006.90
5370,0.00
5371,0.00
5372,0.00
5373,0.00
5374,0.00
5375,0.00
5376,0.00
5377,0.00
5378,0.00
5379,0.00
5380,0.00
5381,377.80
5382,642.26
5383,1006.23
5384,1452.90
5385,1933.39
5386,2371.11
5387,2679.97
5388,2791.62
5389,2679.97
5390,2371.11
5391,1933.39
5392,1452.90
5393,1006.23
5394,0.00
5395,0.00
5396,0.00
5397,0.00
5398,0.00
5399,0.00
5400,0.00
5401,0.00
5402,0.00
5403,0.00
5404,0.00
5405,377.55
5406,641.83
5407,1005.56
5408,1451.92
5409,1932.09
5410,2369.51
5411,2678.17
5412,2789.74
5413,2678.17
5414,2369.51
5415,1932.09
5416,1451.92
5417,1005.56
5418,0.00
5419,0.00
5420,0.00
5421,0.00
5422,0.00
5423,0.00
5424,0.00
5425,0.00
5426,0.00
5427,0.00
5428,0.00
5429,377.29
5430,641.39
5431,1004.87
5432,1450.93
5433,1930.78
5434,2367.90
5435,2676.35
5436,2787.84
5437,2676.35
5438,2367.90
5439,1930.78
5440,1450.93
5441,1004.87
5442,0.00
5443,0.00
5444,0.00
5445,0.00
5446,0.00
5447,0.00
5448,0.00
5449,0.00
5450,0.00
5451,0.00
5452,0.00
5453,377.03
5454,640.95
5455,1004.18
5456,1449.93
5457,1929.44
5458,2366.27
5459,2674.50
5460,2785.92
5461,2674.50
5462,2366.27
5463,1929.44
5464,1449.93
5465,1004.18
5466,0.00
5467,0.00
5468,0.00
5469,0.00
5470,0.00
5471,0.00
5472,0.00
5473,0.00
5474,0.00
5475,0.00
5476,0.00
5477,376.77
5478,640.50
5479,1003.48
5480,1448.92
5481,1928.10
5482,2364.62
5483,2672.63
5484,2783.98
5485,2672.63
5486,2364.62
5487,1928.10
5488,1448.92
5489,1003.48
5490,0.00
5491,0.00
5492,0.00
5493,0.00
5494,0.00
5495,0.00
5496,0.00
5497,0.00
5498,0.00
5499,0.00
5500,0.00
5501,376.50
5502,640.05
5503,1002.77
5504,1447.90
5505,1926.74
5506,2362.95
5507,2670.75
5508,2782.01
5509,2670.75
5510,2362.95
5511,1926.74
5512,1447.90
5513,1002.77
5514,0.00
5515,0.00
5516,0.00
5517,0.00
5518,0.00
5519,0.00
5520,0.00
5521,0.00
5522,0.00
5523,0.00
5524,0.00
5525,376.24
5526,639.59
5527,1002.05
5528,1446.86
5529,1925.36
5530,2361.26
5531,2668.84
5532,2780.02
5533,2668.84
5534,2361.26
5535,1925.36
5536,1446.86
5537,1002.05
5538,0.00
5539,0.00
5540,0.00
5541,0.00
5542,0.00
5543,0.00
5544,0.00
5545,0.00
5546,0.00
5547,0.00
5548,0.00
5549,375.96
5550,639.13
5551,1001.33
5552,1445.82
5553,1923.97
5554,2359.55
5555,2666.91
5556,2778.02
5557,2666.91
5558,2359.55
5559,1923.97
5560,1445.82
5561,1001.33
5562,0.00
5563,0.00
5564,0.00
5565,0.00
5566,0.00
5567,0.00
5568,0.00
5569,0.00
5570,0.00
5571,0.00
5572,0.00
5573,375.69
5574,638.66
5575,1000.60
5576,1444.76
5577,1922.56
5578,2357.83
5579,2664.96
5580,2775.99
5581,2664.96
5582,2357.83
5583,1922.56
5584,1444.76
5585,1000.60
5586,0.00
5587,0.00
5588,0.00
5589,0.00
5590,0.00
5591,0.00
5592,0.00
5593,0.00
5594,0.00
5595,0.00
5596,0.00
5597,375.41
5598,638.19
5599,999.86
5600,1443.70
5601,1921.15
5602,2356.09
5603,2663.00
5604,2773.94
5605,2663.00
5606,2356.09
5607,1921.15
5608,1443.70
5609,999.86
5610,0.00
5611,0.00
5612,0.00
5613,0.00
5614,0.00
5615,0.00
5616,0.00
5617,0.00
5618,0.00
5619,0.00
5620,0.00
5621,375.13
5622,637.71
5623,999.12
5624,1442.62
5625,1919.71
5626,2354.33
5627,2661.01
5628,2771.87
5629,2661.01
5630,2354.33
5631,1919.71
5632,1442.62
5633,999.12
5634,0.00
5635,0.00
5636,0.00
5637,0.00
5638,0.00
5639,0.00
5640,0.00
5641,0.00
5642,0.00
5643,0.00
5644,0.00
5645,374.85
5646,637.23
5647,998.36
5648,1441.54
5649,1918.27
5650,2352.56
5651,2659.01
5652,2769.79
5653,2659.01
5654,2352.56
5655,1918.27
5656,1441.54
5657,998.36
5658,0.00
5659,0.00
5660,0.00
5661,0.00
5662,0.00
5663,0.00
5664,0.00
5665,0.00
5666,0.00
5667,0.00
5668,0.00
5669,374.57
5670,636.75
5671,997.61
5672,1440.44
5673,1916.81
5674,2350.78
5675,2656.99
5676,2767.69
5677,2656.99
5678,2350.78
5679,1916.81
5680,1440.44
5681,997.61
5682,0.00
5683,0.00
5684,0.00
5685,0.00
5686,0.00
5687,0.00
5688,0.00
5689,0.00
5690,0.00
5691,0.00
5692,0.00
5693,374.28
5694,636.26
5695,996.84
5696,1439.34
5697,1915.35
5698,2348.98
5699,2654.96
5700,2765.57
5701,2654.96
5702,2348.98
5703,1915.35
5704,1439.34
5705,996.84
5706,0.00
5707,0.00
5708,0.00
5709,0.00
5710,0.00
5711,0.00
5712,0.00
5713,0.00
5714,0.00
5715,0.00
5716,0.00
5717,373.99
5718,635.77
5719,996.07
5720,1438.23
5721,1913.87
5722,2347.16
5723,2652.91
5724,2763.43
5725,2652.91
5726,2347.16
5727,1913.87
5728,1438.23
5729,996.07
5730,0.00
5731,0.00
5732,0.00
5733,0.00
5734,0.00
5735,0.00
5736,0.00
5737,0.00
5738,0.00
5739,0.00
5740,0.00
5741,373.70
5742,635.28
5743,995.30
5744,1437.11
5745,1912.38
5746,2345.33
5747,2650.84
5748,2761.28
5749,2650.84
5750,2345.33
5751,1912.38
5752,1437.11
5753,995.30
5754,0.00
5755,0.00
5756,0.00
5757,0.00
5758,0.00
5759,0.00
5760,0.00
5761,0.00
5762,0.00
5763,0.00
5764,0.00
5765,373.40
5766,634.78
5767,994.51
5768,1435.98
5769,1910.87
5770,2343.49
5771,2648.76
5772,2759.11
5773,2648.76
5774,2343.49
5775,1910.87
5776,1435.98
5777,994.51
5778,0.00
5779,0.00
5780,0.00
5781,0.00
5782,0.00
5783,0.00
5784,0.00
5785,0.00
5786,0.00
5787,0.00
5788,0.00
5789,373.11
5790,634.28
5791,993.73
5792,1434.84
5793,1909.36
5794,2341.64
5795,2646.67
5796,2756.93
5797,2646.67
5798,2341.64
5799,1909.36
5800,1434.84
5801,993.73
5802,0.00
5803,0.00
5804,0.00
5805,0.00
5806,0.00
5807,0.00
5808,0.00
5809,0.00
5810,0.00
5811,0.00
5812,0.00
5813,372.81
5814,633.77
5815,992.94
5816,1433.70
5817,1907.84
5818,2339.78
5819,2644.56
5820,2754.73
5821,2644.56
5822,2339.78
5823,1907.84
5824,1433.70
5825,992.94
5826,0.00
5827,0.00
5828,0.00
5829,0.00
5830,0.00
5831,0.00
5832,0.00
5833,0.00
5834,0.00
5835,0.00
5836,0.00
5837,372.51
5838,633.26
5839,992.14
5840,1432.55
5841,1906.31
5842,2337.90
5843,2642.44
5844,2752.52
5845,2642.44
5846,2337.90
5847,1906.31
5848,1432.55
5849,992.14
5850,0.00
5851,0.00
5852,0.00
5853,0.00
5854,0.00
5855,0.00
5856,0.00
5857,0.00
5858,0.00
5859,0.00
5860,0.00
5861,372.21
5862,632.75
5863,991.34
5864,1431.39
5865,1904.77
5866,2336.01
5867,2640.30
5868,2750.30
5869,2640.30
5870,2336.01
5871,1904.77
5872,1431.39
5873,991.34
5874,0.00
5875,0.00
5876,0.00
5877,0.00
5878,0.00
5879,0.00
5880,0.00
5881,0.00
5882,0.00
5883,0.00
5884,0.00
5885,371.91
5886,632.24
5887,990.54
5888,1430.23
5889,1903.23
5890,2334.12
5891,2638.16
5892,2748.07
5893,2638.16
5894,2334.12
5895,1903.23
5896,1430.23
5897,990.54
5898,0.00
5899,0.00
5900,0.00
5901,0.00
5902,0.00
5903,0.00
5904,0.00
5905,0.00
5906,0.00
5907,0.00
5908,0.00
5909,371.61
5910,631.72
5911,989.73
5912,1429.06
5913,1901.67
5914,2332.21
5915,2636.01
5916,2745.82
5917,2636.01
5918,2332.21
5919,1901.67
5920,1429.06
5921,989.73
5922,0.00
5923,0.00
5924,0.00
5925,0.00
5926,0.00
5927,0.00
5928,0.00
5929,0.00
5930,0.00
5931,0.00
5932,0.00
5933,371.30
5934,631.20
5935,988.91
5936,1427.89
5937,1900.11
5938,2330.29
5939,2633.84
5940,2743.57
5941,2633.84
5942,2330.29
5943,1900.11
5944,1427.89
5945,988.91
5946,0.00
5947,0.00
5948,0.00
5949,0.00
5950,0.00
5951,0.00
5952,0.00
5953,0.00
5954,0.00
5955,0.00
5956,0.00
5957,371.00
5958,630.68
5959,988.10
5960,1426.71
5961,1898.54
5962,2328.37
5963,2631.67
5964,2741.30
5965,2631.67
5966,2328.37
5967,1898.54
5968,1426.71
5969,988.10
5970,0.00
5971,0.00
5972,0.00
5973,0.00
5974,0.00
5975,0.00
5976,0.00
5977,0.00
5978,0.00
5979,0.00
5980,0.00
5981,370.69
5982,630.16
5983,987.28
5984,1425.53
5985,1896.97
5986,2326.44
5987,2629.48
5988,2739.03
5989,2629.48
5990,2326.44
5991,1896.97
5992,1425.53
5993,987.28
5994,0.00
5995,0.00
5996,0.00
5997,0.00
5998,0.00
5999,0.00
6000,0.00
6001,0.00
6002,0.00
6003,0.00
6004,0.00
6005,370.38
6006,629.63
6007,986.45
6008,1424.34
6009,1895.39
6010,2324.50
6011,2627.29
6012,2736.75
6013,2627.29
6014,2324.50
6015,1895.39
6016,1424.34
6017,986.45
6018,0.00
6019,0.00
6020,0.00
6021,0.00
6022,0.00
6023,0.00
6024,0.00
6025,0.00
6026,0.00
6027,0.00
6028,0.00
6029,370.07
6030,629.11
6031,985.63
6032,1423.15
6033,1893.80
6034,2322.55
6035,2625.09
6036,2734.45
6037,2625.09
6038,2322.55
6039,1893.80
6040,1423.15
6041,985.63
6042,0.00
6043,0.00
6044,0.00
6045,0.00
6046,0.00
6047,0.00
6048,0.00
6049,0.00
6050,0.00
6051,0.00
6052,0.00
6053,369.76
6054,628.58
6055,984.80
6056,1421.95
6057,1892.21
6058,2320.60
6059,2622.89
6060,2732.16
6061,2622.89
6062,2320.60
6063,1892.21
6064,1421.95
6065,984.80
6066,0.00
6067,0.00
6068,0.00
6069,0.00
6070,0.00
6071,0.00
6072,0.00
6073,0.00
6074,0.00
6075,0.00
6076,0.00
6077,369.45
6078,628.05
6079,983.97
6080,1420.75
6081,1890.61
6082,2318.64
6083,2620.67
6084,2729.85
6085,2620.67
6086,2318.64
6087,1890.61
6088,1420.75
6089,983.97
6090,0.00
6091,0.00
6092,0.00
6093,0.00
6094,0.00
6095,0.00
6096,0.00
6097,0.00
6098,0.00
6099,0.00
6100,0.00
6101,369.13
6102,627.52
6103,983.14
6104,1419.55
6105,1889.01
6106,2316.68
6107,2618.45
6108,2727.54
6109,2618.45
6110,2316.68
6111,1889.01
6112,1419.55
6113,983.14
6114,0.00
6115,0.00
6116,0.00
6117,0.00
6118,0.00
6119,0.00
6120,0.00
6121,0.00
6122,0.00
6123,0.00
6124,0.00
6125,368.82
6126,626.98
6127,982.30
6128,1418.34
6129,1887.41
6130,2314.71
6131,2616.23
6132,2725.23
6133,2616.23
6134,2314.71
6135,1887.41
6136,1418.34
6137,982.30
6138,0.00
6139,0.00
6140,0.00
6141,0.00
6142,0.00
6143,0.00
6144,0.00
6145,0.00
6146,0.00
6147,0.00
6148,0.00
6149,368.51
6150,626.45
6151,981.47
6152,1417.14
6153,1885.80
6154,2312.74
6155,2614.00
6156,2722.91
6157,2614.00
6158,2312.74
6159,1885.80
6160,1417.14
6161,981.47
6162,0.00
6163,0.00
6164,0.00
6165,0.00
6166,0.00
6167,0.00
6168,0.00
6169,0.00
6170,0.00
6171,0.00
6172,0.00
6173,368.19
6174,625.91
6175,980.63
6176,1415.93
6177,1884.19
6178,2310.77
6179,2611.77
6180,2720.58
6181,2611.77
6182,2310.77
6183,1884.19
6184,1415.93
6185,980.63
6186,0.00
6187,0.00
6188,0.00
6189,0.00
6190,0.00
6191,0.00
6192,0.00
6193,0.00
6194,0.00
6195,0.00
6196,0.00
6197,367.88
6198,625.38
6199,979.79
6200,1414.72
6201,1882.58
6202,2308.79
6203,2609.54
6204,2718.25
6205,2609.54
6206,2308.79
6207,1882.58
6208,1414.72
6209,979.79
6210,0.00
6211,0.00
6212,0.00
6213,0.00
6214,0.00
6215,0.00
6216,0.00
6217,0.00
6218,0.00
6219,0.00
6220,0.00
6221,367.56
6222,624.84
6223,978.95
6224,1413.50
6225,1880.97
6226,2306.81
6227,2607.30
6228,2715.93
6229,2607.30
6230,2306.81
6231,1880.97
6232,1413.50
6233,978.95
6234,0.00
6235,0.00
6236,0.00
6237,0.00
6238,0.00
6239,0.00
6240,0.00
6241,0.00
6242,0.00
6243,0.00
6244,0.00
6245,367.25
6246,624.31
6247,978.11
6248,1412.29
6249,1879.35
6250,2304.83
6251,2605.07
6252,2713.59
6253,2605.07
6254,2304.83
6255,1879.35
6256,1412.29
6257,978.11
6258,0.00
6259,0.00
6260,0.00
6261,0.00
6262,0.00
6263,0.00
6264,0.00
6265,0.00
6266,0.00
6267,0.00
6268,0.00
6269,366.93
6270,623.77
6271,977.27
6272,1411.08
6273,1877.74
6274,2302.85
6275,2602.83
6276,2711.26
6277,2602.83
6278,2302.85
6279,1877.74
6280,1411.08
6281,977.27
6282,0.00
6283,0.00
6284,0.00
6285,0.00
6286,0.00
6287,0.00
6288,0.00
6289,0.00
6290,0.00
6291,0.00
6292,0.00
6293,366.61
6294,623.23
6295,976.43
6296,1409.86
6297,1876.12
6298,2300.87
6299,2600.59
6300,2708.93
6301,2600.59
6302,2300.87
6303,1876.12
6304,1409.86
6305,976.43
6306,0.00
6307,0.00
6308,0.00
6309,0.00
6310,0.00
6311,0.00
6312,0.00
6313,0.00
6314,0.00
6315,0.00
6316,0.00
6317,366.30
6318,622.70
6319,975.59
6320,1408.65
6321,1874.51
6322,2298.89
6323,2598.35
6324,2706.60
6325,2598.35
6326,2298.89
6327,1874.51
6328,1408.65
6329,975.59
6330,0.00
6331,0.00
6332,0.00
6333,0.00
6334,0.00
6335,0.00
6336,0.00
6337,0.00
6338,0.00
6339,0.00
6340,0.00
6341,365.98
6342,622.16
6343,974.75
6344,1407.44
6345,1872.89
6346,2296.91
6347,2596.11
6348,2704.27
6349,2596.11
6350,2296.91
6351,1872.89
6352,1407.44
6353,974.75
6354,0.00
6355,0.00
6356,0.00
6357,0.00
6358,0.00
6359,0.00
6360,0.00
6361,0.00
6362,0.00
6363,0.00
6364,0.00
6365,365.67
6366,621.62
6367,973.91
6368,1406.22
6369,1871.28
6370,2294.93
6371,2593.87
6372,2701.94
6373,2593.87
6374,2294.93
6375,1871.28
6376,1406.22
6377,973.91
6378,0.00
6379,0.00
6380,0.00
6381,0.00
6382,0.00
6383,0.00
6384,0.00
6385,0.00
6386,0.00
6387,0.00
6388,0.00
6389,365.35
6390,621.09
6391,973.07
6392,1405.01
6393,1869.67
6394,2292.96
6395,2591.64
6396,2699.61
6397,2591.64
6398,2292.96
6399,1869.67
6400,1405.01
6401,973.07
6402,0.00
6403,0.00
6404,0.00
6405,0.00
6406,0.00
6407,0.00
6408,0.00
6409,0.00
6410,0.00
6411,0.00
6412,0.00
6413,365.04
6414,620.55
6415,972.23
6416,1403.80
6417,1868.06
6418,2290.98
6419,2589.41
6420,2697.29
6421,2589.41
6422,2290.98
6423,1868.06
6424,1403.80
6425,972.23
6426,0.00
6427,0.00
6428,0.00
6429,0.00
6430,0.00
6431,0.00
6432,0.00
6433,0.00
6434,0.00
6435,0.00
6436,0.00
6437,364.72
6438,620.02
6439,971.39
6440,1402.59
6441,1866.45
6442,2289.01
6443,2587.18
6444,2694.97
6445,2587.18
6446,2289.01
6447,1866.45
6448,1402.59
6449,971.39
6450,0.00
6451,0.00
6452,0.00
6453,0.00
6454,0.00
6455,0.00
6456,0.00
6457,0.00
6458,0.00
6459,0.00
6460,0.00
6461,364.41
6462,619.49
6463,970.56
6464,1401.39
6465,1864.85
6466,2287.04
6467,2584.96
6468,2692.65
6469,2584.96
6470,2287.04
6471,1864.85
6472,1401.39
6473,970.56
6474,0.00
6475,0.00
6476,0.00
6477,0.00
6478,0.00
6479,0.00
6480,0.00
6481,0.00
6482,0.00
6483,0.00
6484,0.00
6485,364.10
6486,618.96
6487,969.73
6488,1400.19
6489,1863.25
6490,2285.08
6491,2582.74
6492,2690.34
6493,2582.74
6494,2285.08
6495,1863.25
6496,1400.19
6497,969.73
6498,0.00
6499,0.00
6500,0.00
6501,0.00
6502,0.00
6503,0.00
6504,0.00
6505,0.00
6506,0.00
6507,0.00
6508,0.00
6509,363.79
6510,618.43
6511,968.90
6512,1398.99
6513,1861.65
6514,2283.12
6515,2580.53
6516,2688.03
6517,2580.53
6518,2283.12
6519,1861.65
6520,1398.99
6521,968.90
6522,0.00
6523,0.00
6524,0.00
6525,0.00
6526,0.00
6527,0.00
6528,0.00
6529,0.00
6530,0.00
6531,0.00
6532,0.00
6533,363.47
6534,617.90
6535,968.07
6536,1397.79
6537,1860.06
6538,2281.17
6539,2578.32
6540,2685.74
6541,2578.32
6542,2281.17
6543,1860.06
6544,1397.79
6545,968.07
6546,0.00
6547,0.00
6548,0.00
6549,0.00
6550,0.00
6551,0.00
6552,0.00
6553,0.00
6554,0.00
6555,0.00
6556,0.00
6557,363.16
6558,617.37
6559,967.24
6560,1396.60
6561,1858.47
6562,2279.23
6563,2576.12
6564,2683.45
6565,2576.12
6566,2279.23
6567,1858.47
6568,1396.60
6569,967.24
6570,0.00
6571,0.00
6572,0.00
6573,0.00
6574,0.00
6575,0.00
6576,0.00
6577,0.00
6578,0.00
6579,0.00
6580,0.00
6581,362.86
6582,616.85
6583,966.42
6584,1395.41
6585,1856.89
6586,2277.29
6587,2573.93
6588,2681.16
6589,2573.93
6590,2277.29
6591,1856.89
6592,1395.41
6593,966.42
6594,0.00
6595,0.00
6596,0.00
6597,0.00
6598,0.00
6599,0.00
6600,0.00
6601,0.00
6602,0.00
6603,0.00
6604,0.00
6605,362.55
6606,616.32
6607,965.60
6608,1394.23
6609,1855.32
6610,2275.36
6611,2571.75
6612,2678.89
6613,2571.75
6614,2275.36
6615,1855.32
6616,1394.23
6617,965.60
6618,0.00
6619,0.00
6620,0.00
6621,0.00
6622,0.00
6623,0.00
6624,0.00
6625,0.00
6626,0.00
6627,0.00
6628,0.00
6629,362.24
6630,615.80
6631,964.78
6632,1393.05
6633,1853.75
6634,2273.43
6635,2569.57
6636,2676.62
6637,2569.57
6638,2273.43
6639,1853.75
6640,1393.05
6641,964.78
6642,0.00
6643,0.00
6644,0.00
6645,0.00
6646,0.00
6647,0.00
6648,0.00
6649,0.00
6650,0.00
6651,0.00
6652,0.00
6653,361.94
6654,615.28
6655,963.97
6656,1391.87
6657,1852.18
6658,2271.52
6659,2567.41
6660,2674.37
6661,2567.41
6662,2271.52
6663,1852.18
6664,1391.87
6665,963.97
6666,0.00
6667,0.00
6668,0.00
6669,0.00
6670,0.00
6671,0.00
6672,0.00
6673,0.00
6674,0.00
6675,0.00
6676,0.00
6677,361.63
6678,614.77
6679,963.16
6680,1390.71
6681,1850.63
6682,2269.61
6683,2565.25
6684,2672.12
6685,2565.25
6686,2269.61
6687,1850.63
6688,1390.71
6689,963.16
6690,0.00
6691,0.00
6692,0.00
6693,0.00
6694,0.00
6695,0.00
6696,0.00
6697,0.00
6698,0.00
6699,0.00
6700,0.00
6701,361.33
6702,614.25
6703,962.36
6704,1389.54
6705,1849.08
6706,2267.71
6707,2563.11
6708,2669.89
6709,2563.11
6710,2267.71
6711,1849.08
6712,1389.54
6713,962.36
6714,0.00
6715,0.00
6716,0.00
6717,0.00
6718,0.00
6719,0.00
6720,0.00
6721,0.00
6722,0.00
6723,0.00
6724,0.00
6725,361.03
6726,613.74
6727,961.56
6728,1388.39
6729,1847.55
6730,2265.83
6731,2560.98
6732,2667.67
6733,2560.98
6734,2265.83
6735,1847.55
6736,1388.39
6737,961.56
6738,0.00
6739,0.00
6740,0.00
6741,0.00
6742,0.00
6743,0.00
6744,0.00
6745,0.00
6746,0.00
6747,0.00
6748,0.00
6749,360.73
6750,613.23
6751,960.76
6752,1387.24
6753,1846.02
6754,2263.95
6755,2558.86
6756,2665.46
6757,2558.86
6758,2263.95
6759,1846.02
6760,1387.24
6761,960.76
6762,0.00
6763,0.00
6764,0.00
6765,0.00
6766,0.00
6767,0.00
6768,0.00
6769,0.00
6770,0.00
6771,0.00
6772,0.00
6773,360.43
6774,612.73
6775,959.97
6776,1386.10
6777,1844.49
6778,2262.08
6779,2556.75
6780,2663.26
6781,2556.75
6782,2262.08
6783,1844.49
6784,1386.10
6785,959.97
6786,0.00
6787,0.00
6788,0.00
6789,0.00
6790,0.00
6791,0.00
6792,0.00
6793,0.00
6794,0.00
6795,0.00
6796,0.00
6797,360.14
6798,612.23
6799,959.18
6800,1384.96
6801,1842.98
6802,2260.23
6803,2554.65
6804,2661.08
6805,2554.65
6806,2260.23
6807,1842.98
6808,1384.96
6809,959.18
6810,0.00
6811,0.00
6812,0.00
6813,0.00
6814,0.00
6815,0.00
6816,0.00
6817,0.00
6818,0.00
6819,0.00
6820,0.00
6821,359.84
6822,611.73
6823,958.40
6824,1383.83
6825,1841.48
6826,2258.39
6827,2552.57
6828,2658.91
6829,2552.57
6830,2258.39
6831,1841.48
6832,1383.83
6833,958.40
6834,0.00
6835,0.00
6836,0.00
6837,0.00
6838,0.00
6839,0.00
6840,0.00
6841,0.00
6842,0.00
6843,0.00
6844,0.00
6845,359.55
6846,611.23
6847,957.62
6848,1382.71
6849,1839.99
6850,2256.56
6851,2550.51
6852,2656.76
6853,2550.51
6854,2256.56
6855,1839.99
6856,1382.71
6857,957.62
6858,0.00
6859,0.00
6860,0.00
6861,0.00
6862,0.00
6863,0.00
6864,0.00
6865,0.00
6866,0.00
6867,0.00
6868,0.00
6869,359.26
6870,610.74
6871,956.85
6872,1381.60
6873,1838.51
6874,2254.75
6875,2548.46
6876,2654.63
6877,2548.46
6878,2254.75
6879,1838.51
6880,1381.60
6881,956.85
6882,0.00
6883,0.00
6884,0.00
6885,0.00
6886,0.00
6887,0.00
6888,0.00
6889,0.00
6890,0.00
6891,0.00
6892,0.00
6893,358.98
6894,610.25
6895,956.09
6896,1380.50
6897,1837.04
6898,2252.95
6899,2546.42
6900,2652.51
6901,2546.42
6902,2252.95
6903,1837.04
6904,1380.50
6905,956.09
6906,0.00
6907,0.00
6908,0.00
6909,0.00
6910,0.00
6911,0.00
6912,0.00
6913,0.00
6914,0.00
6915,0.00
6916,0.00
6917,358.69
6918,609.77
6919,955.33
6920,1379.40
6921,1835.59
6922,2251.16
6923,2544.40
6924,2650.40
6925,2544.40
6926,2251.16
6927,1835.59
6928,1379.40
6929,955.33
6930,0.00
6931,0.00
6932,0.00
6933,0.00
6934,0.00
6935,0.00
6936,0.00
6937,0.00
6938,0.00
6939,0.00
6940,0.00
6941,358.41
6942,609.29
6943,954.58
6944,1378.32
6945,1834.14
6946,2249.39
6947,2542.40
6948,2648.32
6949,2542.40
6950,2249.39
6951,1834.14
6952,1378.32
6953,954.58
6954,0.00
6955,0.00
6956,0.00
6957,0.00
6958,0.00
6959,0.00
6960,0.00
6961,0.00
6962,0.00
6963,0.00
6964,0.00
6965,358.13
6966,608.81
6967,953.84
6968,1377.24
6969,1832.71
6970,2247.64
6971,2540.42
6972,2646.25
6973,2540.42
6974,2247.64
6975,1832.71
6976,1377.24
6977,953.84
6978,0.00
6979,0.00
6980,0.00
6981,0.00
6982,0.00
6983,0.00
6984,0.00
6985,0.00
6986,0.00
6987,0.00
6988,0.00
6989,357.85
6990,608.34
6991,953.10
6992,1376.18
6993,1831.29
6994,2245.90
6995,2538.45
6996,2644.20
6997,2538.45
6998,2245.90
6999,1831.29
7000,1376.18
7001,953.10
7002,0.00
7003,0.00
7004,0.00
7005,0.00
7006,0.00
7007,0.00
7008,0.00
7009,0.00
7010,0.00
7011,0.00
7012,0.00
7013,357.58
7014,607.88
7015,952.37
7016,1375.12
7017,1829.89
7018,2244.17
7019,2536.50
7020,2642.17
7021,2536.50
7022,2244.17
7023,1829.89
7024,1375.12
7025,952.37
7026,0.00
7027,0.00
7028,0.00
7029,0.00
7030,0.00
7031,0.00
7032,0.00
7033,0.00
7034,0.00
7035,0.00
7036,0.00
7037,357.31
7038,607.41
7039,951.64
7040,1374.08
7041,1828.50
7042,2242.47
7043,2534.57
7044,2640.17
7045,2534.57
7046,2242.47
7047,1828.50
7048,1374.08
7049,951.64
7050,0.00
7051,0.00
7052,0.00
7053,0.00
7054,0.00
7055,0.00
7056,0.00
7057,0.00
7058,0.00
7059,0.00
7060,0.00
7061,357.04
7062,606.96
7063,950.93
7064,1373.04
7065,1827.12
7066,2240.78
7067,2532.67
7068,2638.18
7069,2532.67
7070,2240.78
7071,1827.12
7072,1373.04
7073,950.93
7074,0.00
7075,0.00
7076,0.00
7077,0.00
7078,0.00
7079,0.00
7080,0.00
7081,0.00
7082,0.00
7083,0.00
7084,0.00
7085,356.77
7086,606.50
7087,950.22
7088,1372.02
7089,1825.76
7090,2239.11
7091,2530.78
7092,2636.21
7093,2530.78
7094,2239.11
7095,1825.76
7096,1372.02
7097,950.22
7098,0.00
7099,0.00
7100,0.00
7101,0.00
7102,0.00
7103,0.00
7104,0.00
7105,0.00
7106,0.00
7107,0.00
7108,0.00
7109,356.51
7110,606.06
7111,949.52
7112,1371.01
7113,1824.41
7114,2237.46
7115,2528.91
7116,2634.27
7117,2528.91
7118,2237.46
7119,1824.41
7120,1371.01
7121,949.52
7122,0.00
7123,0.00
7124,0.00
7125,0.00
7126,0.00
7127,0.00
7128,0.00
7129,0.00
7130,0.00
7131,0.00
7132,0.00
7133,356.25
7134,605.61
7135,948.82
7136,1370.01
7137,1823.08
7138,2235.83
7139,2527.07
7140,2632.35
7141,2527.07
7142,2235.83
7143,1823.08
7144,1370.01
7145,948.82
7146,0.00
7147,0.00
7148,0.00
7149,0.00
7150,0.00
7151,0.00
7152,0.00
7153,0.00
7154,0.00
7155,0.00
7156,0.00
7157,355.99
7158,605.18
7159,948.14
7160,1369.02
7161,1821.77
7162,2234.21
7163,2525.24
7164,2630.45
7165,2525.24
7166,2234.21
7167,1821.77
7168,1369.02
7169,948.14
7170,0.00
7171,0.00
7172,0.00
7173,0.00
7174,0.00
7175,0.00
7176,0.00
7177,0.00
7178,0.00
7179,0.00
7180,0.00
7181,355.74
7182,604.75
7183,947.46
7184,1368.04
7185,1820.47
7186,2232.62
7187,2523.44
7188,2628.57
7189,2523.44
7190,2232.62
7191,1820.47
7192,1368.04
7193,947.46
7194,0.00
7195,0.00
7196,0.00
7197,0.00
7198,0.00
7199,0.00
7200,0.00
7201,0.00
7202,0.00
7203,0.00
7204,0.00
7205,355.49
7206,604.32
7207,946.80
7208,1367.08
7209,1819.19
7210,2231.05
7211,2521.67
7212,2626.72
7213,2521.67
7214,2231.05
7215,1819.19
7216,1367.08
7217,946.80
7218,0.00
7219,0.00
7220,0.00
7221,0.00
7222,0.00
7223,0.00
7224,0.00
7225,0.00
7226,0.00
7227,0.00
7228,0.00
7229,355.24
7230,603.90
7231,946.14
7232,1366.13
7233,1817.92
7234,2229.50
7235,2519.91
7236,2624.90
7237,2519.91
7238,2229.50
7239,1817.92
7240,1366.13
7241,946.14
7242,0.00
7243,0.00
7244,0.00
7245,0.00
7246,0.00
7247,0.00
7248,0.00
7249,0.00
7250,0.00
7251,0.00
7252,0.00
7253,355.00
7254,603.49
7255,945.49
7256,1365.19
7257,1816.67
7258,2227.97
7259,2518.18
7260,2623.09
7261,2518.18
7262,2227.97
7263,1816.67
7264,1365.19
7265,945.49
7266,0.00
7267,0.00
7268,0.00
7269,0.00
7270,0.00
7271,0.00
7272,0.00
7273,0.00
7274,0.00
7275,0.00
7276,0.00
7277,354.76
7278,603.08
7279,944.85
7280,1364.27
7281,1815.44
7282,2226.46
7283,2516.48
7284,2621.32
7285,2516.48
7286,2226.46
7287,1815.44
7288,1364.27
7289,944.85
7290,0.00
7291,0.00
7292,0.00
7293,0.00
7294,0.00
7295,0.00
7296,0.00
7297,0.00
7298,0.00
7299,0.00
7300,0.00
7301,354.52
7302,602.67
7303,944.22
7304,1363.36
7305,1814.23
7306,2224.97
7307,2514.80
7308,2619.57
7309,2514.80
7310,2224.97
7311,1814.23
7312,1363.36
7313,944.22
7314,0.00
7315,0.00
7316,0.00
7317,0.00
7318,0.00
7319,0.00
7320,0.00
7321,0.00
7322,0.00
7323,0.00
7324,0.00
7325,354.29
7326,602.28
7327,943.60
7328,1362.46
7329,1813.04
7330,2223.51
7331,2513.15
7332,2617.85
7333,2513.15
7334,2223.51
7335,1813.04
7336,1362.46
7337,943.60
7338,0.00
7339,0.00
7340,0.00
7341,0.00
7342,0.00
7343,0.00
7344,0.00
7345,0.00
7346,0.00
7347,0.00
7348,0.00
7349,354.06
7350,601.89
7351,942.99
7352,1361.58
7353,1811.87
7354,2222.07
7355,2511.52
7356,2616.15
7357,2511.52
7358,2222.07
7359,1811.87
7360,1361.58
7361,942.99
7362,0.00
7363,0.00
7364,0.00
7365,0.00
7366,0.00
7367,0.00
7368,0.00
7369,0.00
7370,0.00
7371,0.00
7372,0.00
7373,353.83
7374,601.51
7375,942.39
7376,1360.71
7377,1810.71
7378,2220.65
7379,2509.92
7380,2614.49
7381,2509.92
7382,2220.65
7383,1810.71
7384,1360.71
7385,942.39
7386,0.00
7387,0.00
7388,0.00
7389,0.00
7390,0.00
7391,0.00
7392,0.00
7393,0.00
7394,0.00
7395,0.00
7396,0.00
7397,353.61
7398,601.13
7399,941.79
7400,1359.86
7401,1809.58
7402,2219.26
7403,2508.35
7404,2612.85
7405,2508.35
7406,2219.26
7407,1809.58
7408,1359.86
7409,941.79
7410,0.00
7411,0.00
7412,0.00
7413,0.00
7414,0.00
7415,0.00
7416,0.00
7417,0.00
7418,0.00
7419,0.00
7420,0.00
7421,353.39
7422,600.76
7423,941.21
7424,1359.02
7425,1808.46
7426,2217.90
7427,2506.80
7428,2611.24
7429,2506.80
7430,2217.90
7431,1808.46
7432,1359.02
7433,941.21
7434,0.00
7435,0.00
7436,0.00
7437,0.00
7438,0.00
7439,0.00
7440,0.00
7441,0.00
7442,0.00
7443,0.00
7444,0.00
7445,353.18
7446,600.39
7447,940.64
7448,1358.20
7449,1807.37
7450,2216.55
7451,2505.28
7452,2609.66
7453,2505.28
7454,2216.55
7455,1807.37
7456,1358.20
7457,940.64
7458,0.00
7459,0.00
7460,0.00
7461,0.00
7462,0.00
7463,0.00
7464,0.00
7465,0.00
7466,0.00
7467,0.00
7468,0.00
7469,352.97
7470,600.04
7471,940.09
7472,1357.39
7473,1806.29
7474,2215.24
7475,2503.80
7476,2608.11
7477,2503.80
7478,2215.24
7479,1806.29
7480,1357.39
7481,940.09
7482,0.00
7483,0.00
7484,0.00
7485,0.00
7486,0.00
7487,0.00
7488,0.00
7489,0.00
7490,0.00
7491,0.00
7492,0.00
7493,352.76
7494,599.69
7495,939.54
7496,1356.60
7497,1805.24
7498,2213.94
7499,2502.34
7500,2606.59
7501,2502.34
7502,2213.94
7503,1805.24
7504,1356.60
7505,939.54
7506,0.00
7507,0.00
7508,0.00
7509,0.00
7510,0.00
7511,0.00
7512,0.00
7513,0.00
7514,0.00
7515,0.00
7516,0.00
7517,352.56
7518,599.34
7519,939.00
7520,1355.82
7521,1804.21
7522,2212.68
7523,2500.91
7524,2605.10
7525,2500.91
7526,2212.68
7527,1804.21
7528,1355.82
7529,939.00
7530,0.00
7531,0.00
7532,0.00
7533,0.00
7534,0.00
7535,0.00
7536,0.00
7537,0.00
7538,0.00
7539,0.00
7540,0.00
7541,352.36
7542,599.01
7543,938.47
7544,1355.06
7545,1803.20
7546,2211.44
7547,2499.50
7548,2603.64
7549,2499.50
7550,2211.44
7551,1803.20
7552,1355.06
7553,938.47
7554,0.00
7555,0.00
7556,0.00
7557,0.00
7558,0.00
7559,0.00
7560,0.00
7561,0.00
7562,0.00
7563,0.00
7564,0.00
7565,352.17
7566,598.68
7567,937.96
7568,1354.32
7569,1802.21
7570,2210.23
7571,2498.13
7572,2602.21
7573,2498.13
7574,2210.23
7575,1802.21
7576,1354.32
7577,937.96
7578,0.00
7579,0.00
7580,0.00
7581,0.00
7582,0.00
7583,0.00
7584,0.00
7585,0.00
7586,0.00
7587,0.00
7588,0.00
7589,351.98
7590,598.36
7591,937.46
7592,1353.59
7593,1801.24
7594,2209.04
7595,2496.80
7596,2600.81
7597,2496.80
7598,2209.04
7599,1801.24
7600,1353.59
7601,937.46
7602,0.00
7603,0.00
7604,0.00
7605,0.00
7606,0.00
7607,0.00
7608,0.00
7609,0.00
7610,0.00
7611,0.00
7612,0.00
7613,351.80
7614,598.05
7615,936.97
7616,1352.88
7617,1800.30
7618,2207.88
7619,2495.49
7620,2599.45
7621,2495.49
7622,2207.88
7623,1800.30
7624,1352.88
7625,936.97
7626,0.00
7627,0.00
7628,0.00
7629,0.00
7630,0.00
7631,0.00
7632,0.00
7633,0.00
7634,0.00
7635,0.00
7636,0.00
7637,351.62
7638,597.74
7639,936.49
7640,1352.19
7641,1799.38
7642,2206.75
7643,2494.21
7644,2598.12
7645,2494.21
7646,2206.75
7647,1799.38
7648,1352.19
7649,936.49
7650,0.00
7651,0.00
7652,0.00
7653,0.00
7654,0.00
7655,0.00
7656,0.00
7657,0.00
7658,0.00
7659,0.00
7660,0.00
7661,351.44
7662,597.44
7663,936.02
7664,1351.52
7665,1798.48
7666,2205.65
7667,2492.96
7668,2596.82
7669,2492.96
7670,2205.65
7671,1798.48
7672,1351.52
7673,936.02
7674,0.00
7675,0.00
7676,0.00
7677,0.00
7678,0.00
7679,0.00
7680,0.00
7681,0.00
7682,0.00
7683,0.00
7684,0.00
7685,351.27
7686,597.15
7687,935.56
7688,1350.86
7689,1797.61
7690,2204.58
7691,2491.75
7692,2595.56
7693,2491.75
7694,2204.58
7695,1797.61
7696,1350.86
7697,935.56
7698,0.00
7699,0.00
7700,0.00
7701,0.00
7702,0.00
7703,0.00
7704,0.00
7705,0.00
7706,0.00
7707,0.00
7708,0.00
7709,351.10
7710,596.87
7711,935.12
7712,1350.22
7713,1796.75
7714,2203.54
7715,2490.57
7716,2594.33
7717,2490.57
7718,2203.54
7719,1796.75
7720,1350.22
7721,935.12
7722,0.00
7723,0.00
7724,0.00
7725,0.00
7726,0.00
7727,0.00
7728,0.00
7729,0.00
7730,0.00
7731,0.00
7732,0.00
7733,350.94
7734,596.59
7735,934.69
7736,1349.60
7737,1795.93
7738,2202.52
7739,2489.42
7740,2593.14
7741,2489.42
7742,2202.52
7743,1795.93
7744,1349.60
7745,934.69
7746,0.00
7747,0.00
7748,0.00
7749,0.00
7750,0.00
7751,0.00
7752,0.00
7753,0.00
7754,0.00
7755,0.00
7756,0.00
7757,350.79
7758,596.33
7759,934.27
7760,1348.99
7761,1795.12
7762,2201.54
7763,2488.31
7764,2591.98
7765,2488.31
7766,2201.54
7767,1795.12
7768,1348.99
7769,934.27
7770,0.00
7771,0.00
7772,0.00
7773,0.00
7774,0.00
7775,0.00
7776,0.00
7777,0.00
7778,0.00
7779,0.00
7780,0.00
7781,350.63
7782,596.07
7783,933.87
7784,1348.41
7785,1794.34
7786,2200.58
7787,2487.23
7788,2590.85
7789,2487.23
7790,2200.58
7791,1794.34
7792,1348.41
7793,933.87
7794,0.00
7795,0.00
7796,0.00
7797,0.00
7798,0.00
7799,0.00
7800,0.00
7801,0.00
7802,0.00
7803,0.00
7804,0.00
7805,350.49
7806,595.82
7807,933.47
7808,1347.84
7809,1793.59
7810,2199.65
7811,2486.18
7812,2589.76
7813,2486.18
7814,2199.65
7815,1793.59
7816,1347.84
7817,933.47
7818,0.00
7819,0.00
7820,0.00
7821,0.00
7822,0.00
7823,0.00
7824,0.00
7825,0.00
7826,0.00
7827,0.00
7828,0.00
7829,350.34
7830,595.57
7831,933.09
7832,1347.29
7833,1792.86
7834,2198.76
7835,2485.17
7836,2588.71
7837,2485.17
7838,2198.76
7839,1792.86
7840,1347.29
7841,933.09
7842,0.00
7843,0.00
7844,0.00
7845,0.00
7846,0.00
7847,0.00
7848,0.00
7849,0.00
7850,0.00
7851,0.00
7852,0.00
7853,350.21
7854,595.34
7855,932.73
7856,1346.76
7857,1792.15
7858,2197.89
7859,2484.19
7860,2587.69
7861,2484.19
7862,2197.89
7863,1792.15
7864,1346.76
7865,932.73
7866,0.00
7867,0.00
7868,0.00
7869,0.00
7870,0.00
7871,0.00
7872,0.00
7873,0.00
7874,0.00
7875,0.00
7876,0.00
7877,350.07
7878,595.11
7879,932.37
7880,1346.25
7881,1791.47
7882,2197.06
7883,2483.25
7884,2586.70
7885,2483.25
7886,2197.06
7887,1791.47
7888,1346.25
7889,932.37
7890,0.00
7891,0.00
7892,0.00
7893,0.00
7894,0.00
7895,0.00
7896,0.00
7897,0.00
7898,0.00
7899,0.00
7900,0.00
7901,349.94
7902,594.90
7903,932.03
7904,1345.76
7905,1790.82
7906,2196.25
7907,2482.34
7908,2585.76
7909,2482.34
7910,2196.25
7911,1790.82
7912,1345.76
7913,932.03
7914,0.00
7915,0.00
7916,0.00
7917,0.00
7918,0.00
7919,0.00
7920,0.00
7921,0.00
7922,0.00
7923,0.00
7924,0.00
7925,349.82
7926,594.69
7927,931.70
7928,1345.29
7929,1790.19
7930,2195.48
7931,2481.47
7932,2584.85
7933,2481.47
7934,2195.48
7935,1790.19
7936,1345.29
7937,931.70
7938,0.00
7939,0.00
7940,0.00
7941,0.00
7942,0.00
7943,0.00
7944,0.00
7945,0.00
7946,0.00
7947,0.00
7948,0.00
7949,349.70
7950,594.49
7951,931.39
7952,1344.83
7953,1789.58
7954,2194.74
7955,2480.63
7956,2583.98
7957,2480.63
7958,2194.74
7959,1789.58
7960,1344.83
7961,931.39
7962,0.00
7963,0.00
7964,0.00
7965,0.00
7966,0.00
7967,0.00
7968,0.00
7969,0.00
7970,0.00
7971,0.00
7972,0.00
7973,349.59
7974,594.29
7975,931.09
7976,1344.40
7977,1789.01
7978,2194.03
7979,2479.83
7980,2583.14
7981,2479.83
7982,2194.03
7983,1789.01
7984,1344.40
7985,931.09
7986,0.00
7987,0.00
7988,0.00
7989,0.00
7990,0.00
7991,0.00
7992,0.00
7993,0.00
7994,0.00
7995,0.00
7996,0.00
7997,349.48
7998,594.11
7999,930.80
8000,1343.98
8001,1788.45
8002,2193.36
8003,2479.07
8004,2582.35
8005,2479.07
8006,2193.36
8007,1788.45
8008,1343.98
8009,930.80
8010,0.00
8011,0.00
8012,0.00
8013,0.00
8014,0.00
8015,0.00
8016,0.00
8017,0.00
8018,0.00
8019,0.00
8020,0.00
8021,349.38
8022,593.94
8023,930.53
8024,1343.59
8025,1787.93
8026,2192.71
8027,2478.34
8028,2581.59
8029,2478.34
8030,2192.71
8031,1787.93
8032,1343.59
8033,930.53
8034,0.00
8035,0.00
8036,0.00
8037,0.00
8038,0.00
8039,0.00
8040,0.00
8041,0.00
8042,0.00
8043,0.00
8044,0.00
8045,349.28
8046,593.77
8047,930.27
8048,1343.21
8049,1787.43
8050,2192.10
8051,2477.65
8052,2580.87
8053,2477.65
8054,2192.10
8055,1787.43
8056,1343.21
8057,930.27
8058,0.00
8059,0.00
8060,0.00
8061,0.00
8062,0.00
8063,0.00
8064,0.00
8065,0.00
8066,0.00
8067,0.00
8068,0.00
8069,349.19
8070,593.61
8071,930.02
8072,1342.86
8073,1786.96
8074,2191.52
8075,2476.99
8076,2580.18
8077,2476.99
8078,2191.52
8079,1786.96
8080,1342.86
8081,930.02
8082,0.00
8083,0.00
8084,0.00
8085,0.00
8086,0.00
8087,0.00
8088,0.00
8089,0.00
8090,0.00
8091,0.00
8092,0.00
8093,349.10
8094,593.47
8095,929.79
8096,1342.52
8097,1786.51
8098,2190.97
8099,2476.37
8100,2579.54
8101,2476.37
8102,2190.97
8103,1786.51
8104,1342.52
8105,929.79
8106,0.00
8107,0.00
8108,0.00
8109,0.00
8110,0.00
8111,0.00
8112,0.00
8113,0.00
8114,0.00
8115,0.00
8116,0.00
8117,349.02
8118,593.33
8119,929.57
8120,1342.21
8121,1786.09
8122,2190.46
8123,2475.79
8124,2578.94
8125,2475.79
8126,2190.46
8127,1786.09
8128,1342.21
8129,929.57
8130,0.00
8131,0.00
8132,0.00
8133,0.00
8134,0.00
8135,0.00
8136,0.00
8137,0.00
8138,0.00
8139,0.00
8140,0.00
8141,348.94
8142,593.20
8143,929.37
8144,1341.91
8145,1785.70
8146,2189.98
8147,2475.25
8148,2578.37
8149,2475.25
8150,2189.98
8151,1785.70
8152,1341.91
8153,929.37
8154,0.00
8155,0.00
8156,0.00
8157,0.00
8158,0.00
8159,0.00
8160,0.00
8161,0.00
8162,0.00
8163,0.00
8164,0.00
8165,348.87
8166,593.07
8167,929.18
8168,1341.64
8169,1785.33
8170,2189.53
8171,2474.74
8172,2577.84
8173,2474.74
8174,2189.53
8175,1785.33
8176,1341.64
8177,929.18
8178,0.00
8179,0.00
8180,0.00
8181,0.00
8182,0.00
8183,0.00
8184,0.00
8185,0.00
8186,0.00
8187,0.00
8188,0.00
8189,348.81
8190,592.96
8191,929.00
8192,1341.38
8193,1785.00
8194,2189.12
8195,2474.27
8196,2577.35
8197,2474.27
8198,2189.12
8199,1785.00
8200,1341.38
8201,929.00
8202,0.00
8203,0.00
8204,0.00
8205,0.00
8206,0.00
8207,0.00
8208,0.00
8209,0.00
8210,0.00
8211,0.00
8212,0.00
8213,348.75
8214,592.86
8215,928.84
8216,1341.15
8217,1784.68
8218,2188.73
8219,2473.84
8220,2576.90
8221,2473.84
8222,2188.73
8223,1784.68
8224,1341.15
8225,928.84
8226,0.00
8227,0.00
8228,0.00
8229,0.00
8230,0.00
8231,0.00
8232,0.00
8233,0.00
8234,0.00
8235,0.00
8236,0.00
8237,348.69
8238,592.76
8239,928.69
8240,1340.94
8241,1784.40
8242,2188.39
8243,2473.45
8244,2576.49
8245,2473.45
8246,2188.39
8247,1784.40
8248,1340.94
8249,928.69
8250,0.00
8251,0.00
8252,0.00
8253,0.00
8254,0.00
8255,0.00
8256,0.00
8257,0.00
8258,0.00
8259,0.00
8260,0.00
8261,348.64
8262,592.68
8263,928.56
8264,1340.74
8265,1784.15
8266,2188.07
8267,2473.09
8268,2576.13
8269,2473.09
8270,2188.07
8271,1784.15
8272,1340.74
8273,928.56
8274,0.00
8275,0.00
8276,0.00
8277,0.00
8278,0.00
8279,0.00
8280,0.00
8281,0.00
8282,0.00
8283,0.00
8284,0.00
8285,348.60
8286,592.60
8287,928.44
8288,1340.57
8289,1783.92
8290,2187.79
8291,2472.78
8292,2575.79
8293,2472.78
8294,2187.79
8295,1783.92
8296,1340.57
8297,928.44
8298,0.00
8299,0.00
8300,0.00
8301,0.00
8302,0.00
8303,0.00
8304,0.00
8305,0.00
8306,0.00
8307,0.00
8308,0.00
8309,348.56
8310,592.54
8311,928.33
8312,1340.42
8313,1783.72
8314,2187.55
8315,2472.50
8316,2575.50
8317,2472.50
8318,2187.55
8319,1783.72
8320,1340.42
8321,928.33
8322,0.00
8323,0.00
8324,0.00
8325,0.00
8326,0.00
8327,0.00
8328,0.00
8329,0.00
8330,0.00
8331,0.00
8332,0.00
8333,348.52
8334,592.48
8335,928.24
8336,1340.29
8337,1783.54
8338,2187.33
8339,2472.26
8340,2575.25
8341,2472.26
8342,2187.33
8343,1783.54
8344,1340.29
8345,928.24
8346,0.00
8347,0.00
8348,0.00
8349,0.00
8350,0.00
8351,0.00
8352,0.00
8353,0.00
8354,0.00
8355,0.00
8356,0.00
8357,348.49
8358,592.43
8359,928.17
8360,1340.18
8361,1783.40
8362,2187.15
8363,2472.06
8364,2575.04
8365,2472.06
8366,2187.15
8367,1783.40
8368,1340.18
8369,928.17
8370,0.00
8371,0.00
8372,0.00
8373,0.00
8374,0.00
8375,0.00
8376,0.00
8377,0.00
8378,0.00
8379,0.00
8380,0.00
8381,348.47
8382,592.39
8383,928.11
8384,1340.09
8385,1783.28
8386,2187.01
8387,2471.89
8388,2574.87
8389,2471.89
8390,2187.01
8391,1783.28
8392,1340.09
8393,928.11
8394,0.00
8395,0.00
8396,0.00
8397,0.00
8398,0.00
8399,0.00
8400,0.00
8401,0.00
8402,0.00
8403,0.00
8404,0.00
8405,348.45
8406,592.36
8407,928.06
8408,1340.03
8409,1783.19
8410,2186.90
8411,2471.77
8412,2574.74
8413,2471.77
8414,2186.90
8415,1783.19
8416,1340.03
8417,928.06
8418,0.00
8419,0.00
8420,0.00
8421,0.00
8422,0.00
8423,0.00
8424,0.00
8425,0.00
8426,0.00
8427,0.00
8428,0.00
8429,348.44
8430,592.34
8431,928.03
8432,1339.98
8433,1783.13
8434,2186.82
8435,2471.68
8436,2574.65
8437,2471.68
8438,2186.82
8439,1783.13
8440,1339.98
8441,928.03
8442,0.00
8443,0.00
8444,0.00
8445,0.00
8446,0.00
8447,0.00
8448,0.00
8449,0.00
8450,0.00
8451,0.00
8452,0.00
8453,348.43
8454,592.33
8455,928.01
8456,1339.95
8457,1783.09
8458,2186.78
8459,2471.63
8460,2574.60
8461,2471.63
8462,2186.78
8463,1783.09
8464,1339.95
8465,928.01
8466,0.00
8467,0.00
8468,0.00
8469,0.00
8470,0.00
8471,0.00
8472,0.00
8473,0.00
8474,0.00
8475,0.00
8476,0.00
8477,348.43
8478,592.33
8479,928.01
8480,1339.95
8481,1783.08
8482,2186.77
8483,2471.62
8484,2574.59
8485,2471.62
8486,2186.77
8487,1783.08
8488,1339.95
8489,928.01
8490,0.00
8491,0.00
8492,0.00
8493,0.00
8494,0.00
8495,0.00
8496,0.00
8497,0.00
8498,0.00
8499,0.00
8500,0.00
8501,348.44
8502,592.33
8503,928.02
8504,1339.96
8505,1783.10
8506,2186.80
8507,2471.65
8508,2574.62
8509,2471.65
8510,2186.80
8511,1783.10
8512,1339.96
8513,928.02
8514,0.00
8515,0.00
8516,0.00
8517,0.00
8518,0.00
8519,0.00
8520,0.00
8521,0.00
8522,0.00
8523,0.00
8524,0.00
8525,348.45
8526,592.35
8527,928.04
8528,1340.00
8529,1783.15
8530,2186.86
8531,2471.72
8532,2574.69
8533,2471.72
8534,2186.86
8535,1783.15
8536,1340.00
8537,928.04
8538,0.00
8539,0.00
8540,0.00
8541,0.00
8542,0.00
8543,0.00
8544,0.00
8545,0.00
8546,0.00
8547,0.00
8548,0.00
8549,348.46
8550,592.38
8551,928.08
8552,1340.06
8553,1783.23
8554,2186.95
8555,2471.82
8556,2574.80
8557,2471.82
8558,2186.95
8559,1783.23
8560,1340.06
8561,928.08
8562,0.00
8563,0.00
8564,0.00
8565,0.00
8566,0.00
8567,0.00
8568,0.00
8569,0.00
8570,0.00
8571,0.00
8572,0.00
8573,348.48
8574,592.41
8575,928.14
8576,1340.13
8577,1783.33
8578,2187.08
8579,2471.97
8580,2574.95
8581,2471.97
8582,2187.08
8583,1783.33
8584,1340.13
8585,928.14
8586,0.00
8587,0.00
8588,0.00
8589,0.00
8590,0.00
8591,0.00
8592,0.00
8593,0.00
8594,0.00
8595,0.00
8596,0.00
8597,348.51
8598,592.45
8599,928.20
8600,1340.23
8601,1783.47
8602,2187.24
8603,2472.15
8604,2575.14
8605,2472.15
8606,2187.24
8607,1783.47
8608,1340.23
8609,928.20
8610,0.00
8611,0.00
8612,0.00
8613,0.00
8614,0.00
8615,0.00
8616,0.00
8617,0.00
8618,0.00
8619,0.00
8620,0.00
8621,348.54
8622,592.51
8623,928.29
8624,1340.35
8625,1783.63
8626,2187.43
8627,2472.37
8628,2575.37
8629,2472.37
8630,2187.43
8631,1783.63
8632,1340.35
8633,928.29
8634,0.00
8635,0.00
8636,0.00
8637,0.00
8638,0.00
8639,0.00
8640,0.00
8641,0.00
8642,0.00
8643,0.00
8644,0.00
8645,348.58
8646,592.57
8647,928.39
8648,1340.49
8649,1783.81
8650,2187.66
8651,2472.63
8652,2575.64
8653,2472.63
8654,2187.66
8655,1783.81
8656,1340.49
8657,928.39
8658,0.00
8659,0.00
8660,0.00
8661,0.00
8662,0.00
8663,0.00
8664,0.00
8665,0.00
8666,0.00
8667,0.00
8668,0.00
8669,348.62
8670,592.64
8671,928.50
8672,1340.66
8673,1784.03
8674,2187.93
8675,2472.93
8676,2575.95
8677,2472.93
8678,2187.93
8679,1784.03
8680,1340.66
8681,928.50
8682,0.00
8683,0.00
8684,0.00
8685,0.00
8686,0.00
8687,0.00
8688,0.00
8689,0.00
8690,0.00
8691,0.00
8692,0.00
8693,348.66
8694,592.72
8695,928.62
8696,1340.84
8697,1784.27
8698,2188.23
8699,2473.27
8700,2576.31
8701,2473.27
8702,2188.23
8703,1784.27
8704,1340.84
8705,928.62
8706,0.00
8707,0.00
8708,0.00
8709,0.00
8710,0.00
8711,0.00
8712,0.00
8713,0.00
8714,0.00
8715,0.00
8716,0.00
8717,348.72
8718,592.81
8719,928.76
8720,1341.04
8721,1784.54
8722,2188.56
8723,2473.64
8724,2576.69
8725,2473.64
8726,2188.56
8727,1784.54
8728,1341.04
8729,928.76
8730,0.00
8731,0.00
8732,0.00
8733,0.00
8734,0.00
8735,0.00
8736,0.00
8737,0.00
8738,0.00
8739,0.00
8740,0.00
8741,348.78
8742,592.91
8743,928.92
8744,1341.26
8745,1784.84
8746,2188.92
8747,2474.05
8748,2577.12
8749,2474.05
8750,2188.92
8751,1784.84
8752,1341.26
8753,928.92
8754,0.00
8755,0.00
8756,0.00
8757,0.00
8758,0.00
8759,0.00
