episodio,costo_total_soles,costo_hp_soles,costo_hfp_soles,r_cost_mean,r_grid_stable_mean,grid_ramp_mean_kwh,grid_ramp_std_kwh,grid_cv,grid_peak_kwh,grid_valley_kwh,peak_valley_ratio,co2_f6d_kg,co2_neta_kg,grid_import_kwh,solar_export_kwh,solar_export_co2_kg
1,2876050.3249323843,1801630.2980517545,1074420.0268806296,-0.38950818901746703,-0.19595948627512363,294.2237869560554,299.82373507234706,0.9332992955083895,3011.3916919090952,0.0,,288845.3054178716,2423515.5597357065,7587579.904275157,638896.9374427596,288845.3054178716
2,2691762.1178832334,1499904.314056292,1191857.8038269412,-0.3963336894473546,-0.17140020558529456,257.18637683896,274.54187072385946,0.8956895172534094,2753.433925585592,0.0,,229962.9457346232,2519848.293673348,7336663.286532829,508655.0447569635,229962.9457346232
3,2597884.037171984,1256070.8347163592,1341813.2024556252,-0.3868541398359553,-0.1723837447714613,258.63382573146833,291.31820110145696,0.9524286384944346,2756.732059512432,0.0,,222268.1980586389,2474179.757103649,7322678.184254513,491635.0322022537,222268.1980586389
4,2486522.0791771226,954598.7984841831,1531923.2806929394,-0.3878433401936366,-0.17076128331158144,256.24737614691054,290.52485460127116,0.9469039162155559,2784.518295293187,0.0,,218235.17123697465,2478035.373649201,7321530.853542808,482714.38008620805,218235.17123697465
5,2408607.8146154154,711251.6873109407,1697356.1273044744,-0.39295233200669166,-0.1738518015958147,260.99302489561614,285.35685277512727,0.9123732063575863,2795.9523710810536,0.0,,223919.68730334524,2485279.9146714304,7361677.076450951,495287.96129914897,223919.68730334524
6,2430716.016496266,595259.493478181,1835456.523018085,-0.4083177145896951,-0.17937800524044414,269.13554289047636,270.31928505300544,0.8558536522229453,2933.9737432036445,0.0,,256725.87061511725,2450662.3547799564,7583989.482245982,567851.9588920975,256725.87061511725
7,2353279.815828908,461970.0015529337,1891309.8142759744,-0.3966823226481544,-0.16782806004259807,251.85042905753082,266.72706756039975,0.8499040775379109,2901.523825443129,0.0,,242441.24586627007,2464429.2106796927,7486774.863142456,536255.7970941607,242441.24586627007
8,2305181.3588314913,402886.29292645236,1902295.0659050392,-0.3881965819526123,-0.16154683821388585,242.38912666397604,273.15098780668393,0.8697919814808842,2916.0873958728644,0.0,,231350.5990593048,2478211.6342061665,7396449.558159362,511724.3951765202,231350.5990593048
9,2284631.198051994,378764.7098737713,1905866.488178223,-0.38431697488774197,-0.1660065533498709,249.11074451878326,281.0485747633176,0.9000351559572236,2796.279462394305,0.0,,223267.6153869373,2493125.847116774,7356440.771574167,493845.6434128231,223267.6153869373
10,2310571.1197600886,397561.7220722579,1913009.3976878303,-0.3896295955264853,-0.1587152370142915,238.19961038286976,268.4221176530595,0.8584357432040562,2830.53400314584,0.0,,232143.36574128605,2462985.075187058,7421657.77626349,513477.9158179298,232143.36574128605
11,2291426.468386543,350075.8961450043,1941350.5722415387,-0.38637327815692435,-0.1536229640375465,230.60251355612837,265.1281139642607,0.8599492692970583,2891.804032595552,0.0,,229225.9979024685,2452382.461595875,7415977.493017806,507024.98983071995,229225.9979024685
12,2285177.655659479,315958.0975775426,1969219.558081936,-0.3854358951633139,-0.15566970812555866,233.5260513560703,264.4776086498471,0.8497475378504505,2886.672246216686,0.0,,237343.4111195453,2460637.8063099547,7437638.104834204,524979.8963051211,237343.4111195453
13,2248791.3854641714,243945.89422929884,2004845.4912348727,-0.3792108460662031,-0.15297616639555042,229.5376964357102,264.6741747539108,0.8569175511000211,2914.3709530372093,0.0,,227775.3976985305,2472134.5091996333,7403806.447004278,503816.40720754367,227775.3976985305
14,2232823.6142253876,205605.71612015454,2027217.898105233,-0.37661904947306013,-0.1508645076157911,226.40604267532862,263.9853510793444,0.8578153997627372,2865.965428584189,0.0,,228346.74873104584,2462090.8224881683,7397470.067330179,505080.1785690021,228346.74873104584
15,2218870.6544812564,182035.55598174417,2036835.098499512,-0.3739784905899364,-0.14759929714004502,221.45590493536528,262.04983547314635,0.8564625984981328,2887.3482382716634,0.0,,227591.7110310776,2458589.7422347874,7379388.992242434,503410.11066374165,227591.7110310776
16,2223726.9040047824,187430.07818631834,2036296.8258184644,-0.3745354515896148,-0.14811284457532875,222.2650832849057,262.4267886127291,0.8535413191044318,2783.981320436004,0.0,,229720.7947580352,2453960.825411336,7389229.637214419,508119.43100649235,229720.7947580352
17,2230898.3282656595,236071.52190845305,1994826.806357206,-0.3755246582959623,-0.14677263128523252,220.19469021490977,260.48035259429196,0.8615696633460416,3070.700421007861,0.0,,222872.7380383465,2460325.8849078584,7352389.95159522,492972.21419674077,222872.7380383465
18,2274154.498962146,338479.36420424934,1935675.1347578974,-0.38214498102896055,-0.14586813091358447,218.82946487804844,259.9773676772424,0.8644749719128012,2791.873324804035,0.0,,222855.4398457848,2442924.378777546,7371391.931967737,492933.9523242309,222855.4398457848
19,2328666.6819900637,485336.16120866453,1843330.5207813988,-0.3906220313822316,-0.14682078083219655,220.30082802733259,260.51205554000785,0.8591756068210382,2818.6798782177234,0.0,,222459.90868659463,2458218.713697906,7372856.74953836,492059.0769444694,222459.90868659463
20,2400290.8328266055,686978.0005494149,1713312.8322771904,-0.39861792253819567,-0.14678513730315013,220.2493574468752,259.6699432442878,0.8588243925567742,2879.999133180577,0.0,,223533.62337991927,2460346.6502153566,7363812.310400045,494434.0264983837,223533.62337991927
21,2500801.843093062,957423.7137513853,1543378.1293416768,-0.4036062206389368,-0.1466468712165487,219.9909039116658,261.45742551973524,0.8574195599305239,2782.326384286538,0.0,,221403.2447970452,2459408.498719642,7366933.433019562,489721.8420638027,221403.2447970452
22,2592452.7688358724,1211014.983711451,1381437.7851244214,-0.40616367540021864,-0.14633392776431925,219.59667575973717,262.48699727080174,0.8590157186995708,2918.2460957314893,0.0,,221115.24681822065,2460590.033978046,7360956.959984185,489084.81932807044,221115.24681822065
23,2674547.5507347006,1425140.9754442493,1249406.575290451,-0.40691285359074053,-0.144787192648149,217.24238511141456,261.0639226243026,0.8545515910708487,2753.627849467983,0.0,,223776.49580172703,2451529.434379999,7372052.831637194,494971.23601355235,223776.49580172703
24,2733232.5126075316,1583553.3130536324,1149679.1995538992,-0.40100340774820836,-0.14444762147459778,216.74127861135833,262.57578347182863,0.8501846395678606,2765.920917409021,0.0,,225822.8568950153,2468693.7016640217,7373233.202997918,499497.5821610602,225822.8568950153
25,2761579.9834131845,1639766.259814379,1121813.7235988053,-0.39753475880538647,-0.14844736595375094,222.70655885439646,263.5069781152978,0.8483500204385007,2786.428595147567,0.0,,232065.57524542665,2465982.372720076,7399451.066718799,513305.8510184177,232065.57524542665
26,2714526.496762817,1542559.787382096,1171966.7093807207,-0.3989603042993373,-0.14407911326916562,216.2094875496875,262.0489956755992,0.8530476793521715,2687.6658360590272,0.0,,224752.18212243903,2460703.384443283,7360857.527901112,497129.3566079165,224752.18212243903
27,2643261.5275722533,1328049.1838282635,1315212.34374399,-0.40059499843225105,-0.14357649259447644,215.4072640029064,261.95027407706357,0.8455169542676717,2677.167891491459,0.0,,233532.25623347945,2457267.927295885,7387386.687716391,516550.00272833323,233532.25623347945
28,2551997.227804341,1101341.5913765675,1450655.6364277736,-0.3970349486556642,-0.14186476235492065,212.80999575280467,258.15748434718506,0.8504358495882822,2667.639713064952,0.0,,228598.6615181004,2454124.312675286,7360735.559713485,505637.3844682601,228598.6615181004
29,2458442.7475141226,834607.3120670386,1623835.435447084,-0.3978700112495278,-0.14563976033938225,218.5007565035351,256.75479310699205,0.8550512413542947,2818.154496100424,0.0,,235047.1866585377,2435850.1267169,7376783.392538183,519900.87736902834,235047.1866585377
30,2367851.012772584,572750.0692004914,1795100.9435720923,-0.39866575766777923,-0.14792662502673531,221.91126138782906,257.223876088094,0.8527499766361324,2858.9017143015094,0.0,,238469.6508332046,2438245.2665484524,7396831.945334048,527471.0259526755,238469.6508332046
31,2317116.54233802,443041.7570132826,1874074.7853247374,-0.3910883210746426,-0.14781985478522977,221.74723042306957,256.13203788106796,0.8517940888789008,2829.181261153394,0.0,,235948.10451714348,2439846.648194004,7386664.096514745,521893.6176004058,235948.10451714348
32,2296017.839774058,406188.4859438172,1889829.3538302411,-0.38748511826993237,-0.1456438624588191,218.47427917769568,256.6042960062233,0.8577233985406424,2792.5555164610787,0.0,,229260.46750177152,2444137.625161619,7360854.000319568,507101.23313818075,229260.46750177152
33,2295549.055956657,389792.01438625436,1905757.0415704024,-0.38739988794669694,-0.14503828148812659,217.5726271996164,254.9849669337777,0.8531384493638352,2778.5735879157846,0.0,,237388.61480581565,2438300.963007358,7379954.748140988,525079.8823397824,237388.61480581565
34,2299700.047045664,394748.7466090907,1904951.3004365736,-0.3881857331146652,-0.1482817204031454,222.49010264574125,258.27479094777055,0.850885622495313,2737.882240104589,0.0,,237641.3633574672,2437029.582096872,7387929.730257208,525638.9368667711,237641.3633574672
35,2300043.410295884,377895.53798854136,1922147.872307343,-0.3885118441376155,-0.14607306913445942,219.17449893082923,260.655919054705,0.8456356901758337,2688.8545043521167,0.0,,241810.9033676447,2442025.909834584,7410392.467532009,534861.5425075088,241810.9033676447
36,2271958.8215724975,322793.66115526715,1949165.1604172303,-0.3839907499103864,-0.14039062676745367,210.6477121981575,262.2713600967103,0.8399418967772995,2622.3891451891104,0.0,,239171.30105620352,2454982.339590864,7383672.863587947,529023.0060964467,239171.30105620352
37,2237282.830249242,252627.35229311945,1984655.477956123,-0.37811713152996684,-0.13919590269580195,208.8519810889174,263.13441110230247,0.8451366570404761,2845.2366087903374,0.0,,229955.7598389513,2466554.288033078,7353375.036501688,508639.1502741678,229955.7598389513
38,2218826.601039161,205373.76601683148,2013452.83502233,-0.3746917766148746,-0.14037651655812172,210.58518976584588,260.68414439906815,0.8513049186192176,2667.5207069745647,0.0,,225057.8030322528,2458986.8884080364,7349762.283992342,497805.35950509354,225057.8030322528
39,2220068.8770991266,190485.5444105346,2029583.3326885924,-0.3745725094050896,-0.141233332642965,211.86286004871002,263.0864635192936,0.8475633127344836,2689.851333593503,0.0,,230629.47990888104,2456988.731464603,7372825.978340714,510129.35171174747,230629.47990888104
40,2218529.849914957,186519.3939634512,2032010.4559515058,-0.37394360507298735,-0.14094236498373713,211.44763187778182,261.8295391926105,0.8462846220563506,2745.1099000071613,0.0,,231931.3586435045,2453534.416195941,7372557.2659759,513008.97731365735,231931.3586435045
41,2233469.9669371545,219289.94877447537,2014180.0181626792,-0.37640670953677174,-0.14132956512863007,212.05835353415483,263.7003097195816,0.8408921882025989,2651.052589095408,0.0,,237111.55428708016,2455880.441784394,7382403.762948699,524467.0521722632,237111.55428708016
42,2267874.670423907,305388.79323500185,1962485.8771889047,-0.3819781515115516,-0.14109327131226598,211.6645434001829,264.250984025832,0.8374255719281212,2739.892220987661,0.0,,242688.8937432851,2465592.8116986724,7391648.814240412,536803.569438808,242688.8937432851
43,2323378.0419550445,474904.04299458745,1848473.9989604573,-0.38992187611745643,-0.13858247162068085,207.89046743282933,262.2818784840744,0.8417890197714903,2698.397368936321,0.0,,232126.89547818835,2473118.5437045246,7367895.654119573,513441.48524261964,232126.89547818835
44,2415091.4080081703,718331.9416352359,1696759.4663729342,-0.39771105791869443,-0.13935318906186536,209.09358076003053,261.93231196634224,0.840580041036798,2710.589320000892,0.0,,235105.3149344689,2468078.573533981,7374969.420036142,520029.45130384626,235105.3149344689
45,2507729.411363205,977410.7219849918,1530318.6893782131,-0.40309341743525656,-0.1385727113955539,207.875135132782,262.2642459703497,0.8424353871096525,2661.129224316838,0.0,,232007.15574643295,2466810.6779953577,7365447.384862564,513176.6329273014,232007.15574643295
46,2596369.649645279,1218231.0526927016,1378138.5969525771,-0.40718638313165834,-0.13947899702324434,209.2404051767424,262.21499196117617,0.8439378586192021,2666.816548960801,0.0,,232592.42904154956,2459678.818872888,7365275.603365203,514471.19894171547,232592.42904154956
47,2673390.4937460613,1438557.7154754242,1234832.7782706376,-0.4063436663939954,-0.1375351169678667,206.37628158238442,263.83279753230386,0.8433697683133476,2697.780504326792,0.0,,229122.0564261777,2471028.0570994737,7351139.831830538,506795.08167701325,229122.0564261777
48,2721924.6721583176,1561386.820876598,1160537.8512817197,-0.40310342196871674,-0.13774635860402373,206.67824769637582,263.24002691631114,0.8406747987260956,2789.1751669495325,0.0,,233795.0862513048,2464445.0180873,7362450.380730185,517131.35645057465,233795.0862513048
49,2739902.4825251987,1612649.3470324068,1127253.1354927924,-0.3984165883212793,-0.1382176775501138,207.33402279638494,262.69280866743395,0.8423026551529293,2732.0516734993807,0.0,,231512.973621928,2469124.371197677,7359359.264326939,512083.55147517804,231512.973621928
50,2708203.241538362,1510929.7547594453,1197273.4867789168,-0.4032495982969579,-0.13869195836080783,208.09933661422784,264.07775078408577,0.8383448551481316,2824.6729812031977,0.0,,238380.786432848,2466631.5496412534,7379120.857619673,527274.4667835612,238380.786432848
51,86598.77336889572,38633.79265218114,47964.98071671459,-0.4349755000943122,-0.1489580145381681,223.4370218072521,260.94445631287573,0.6910379272596975,2213.1846833066784,0.0,,,,,,
